Fecha de la captura,Nombre Blockchain,Token,Nombre,Precio (en US$),Ranking,Clase
10/04/2024,Ethereum,POOH,POOH,1.8543722702927e-08,1129.0,3
11/04/2024,Ethereum,POOH,POOH,1.8543722702927e-08,1129.0,3
12/04/2024,Ethereum,POOH,POOH,1.8543722702927e-08,1129.0,3
13/04/2024,Ethereum,POOH,POOH,1.8543722702927e-08,1129.0,3
14/04/2024,Ethereum,POOH,POOH,1.8543722702927e-08,1129.0,3
15/04/2024,Ethereum,POOH,POOH,1.8543722702927e-08,1129.0,3
10/04/2024,MultiversX,TADA,Ta-da,0.0310147560699395,1162.0,0
11/04/2024,MultiversX,TADA,Ta-da,0.0310147560699395,1162.0,0
12/04/2024,MultiversX,TADA,Ta-da,0.0310147560699395,1162.0,0
13/04/2024,MultiversX,TADA,Ta-da,0.0310147560699395,1162.0,0
14/04/2024,MultiversX,TADA,Ta-da,0.0310147560699395,1162.0,0
15/04/2024,MultiversX,TADA,Ta-da,0.0310147560699395,1162.0,0
10/04/2024,Ethereum,$MONG,MongCoin,1.2069499183993277e-08,1168.0,3
11/04/2024,Ethereum,$MONG,MongCoin,1.2069499183993277e-08,1168.0,3
12/04/2024,Ethereum,$MONG,MongCoin,1.2069499183993277e-08,1168.0,3
13/04/2024,Ethereum,$MONG,MongCoin,1.2069499183993277e-08,1168.0,3
14/04/2024,Ethereum,$MONG,MongCoin,1.2069499183993277e-08,1168.0,3
15/04/2024,Ethereum,$MONG,MongCoin,1.2069499183993277e-08,1168.0,3
10/04/2024,BNB,WSM,Wall Street Memes,0.003540553575645,1183.0,3
11/04/2024,BNB,WSM,Wall Street Memes,0.003540553575645,1183.0,3
12/04/2024,BNB,WSM,Wall Street Memes,0.003540553575645,1183.0,3
13/04/2024,BNB,WSM,Wall Street Memes,0.003540553575645,1183.0,3
14/04/2024,BNB,WSM,Wall Street Memes,0.003540553575645,1183.0,3
15/04/2024,BNB,WSM,Wall Street Memes,0.003540553575645,1183.0,3
10/04/2024,Polygon,RAIN,Rain Coin,6.5990347828443525,1185.0,3
11/04/2024,Polygon,RAIN,Rain Coin,6.5990347828443525,1185.0,3
12/04/2024,Polygon,RAIN,Rain Coin,6.5990347828443525,1185.0,3
13/04/2024,Polygon,RAIN,Rain Coin,6.5990347828443525,1185.0,3
14/04/2024,Polygon,RAIN,Rain Coin,6.5990347828443525,1185.0,3
15/04/2024,Polygon,RAIN,Rain Coin,6.5990347828443525,1185.0,3
10/04/2024,Ethereum,PIKA,Pikamoon,0.0003676307486269,1195.0,1
11/04/2024,Ethereum,PIKA,Pikamoon,0.0003676307486269,1195.0,1
12/04/2024,Ethereum,PIKA,Pikamoon,0.0003676307486269,1195.0,1
13/04/2024,Ethereum,PIKA,Pikamoon,0.0003676307486269,1195.0,1
14/04/2024,Ethereum,PIKA,Pikamoon,0.0003676307486269,1195.0,1
15/04/2024,Ethereum,PIKA,Pikamoon,0.0003676307486269,1195.0,1
10/04/2024,Ethereum,PIB,PIBBLE,0.0002905387603209,1201.0,0
11/04/2024,Ethereum,PIB,PIBBLE,0.0002905387603209,1201.0,0
12/04/2024,Ethereum,PIB,PIBBLE,0.0002905387603209,1201.0,0
13/04/2024,Ethereum,PIB,PIBBLE,0.0002905387603209,1201.0,0
14/04/2024,Ethereum,PIB,PIBBLE,0.0002905387603209,1201.0,0
15/04/2024,Ethereum,PIB,PIBBLE,0.0002905387603209,1201.0,0
10/04/2024,Ethereum,TSUKA,Dejitaru Tsuka,0.0059361060282381,1227.0,3
11/04/2024,Ethereum,TSUKA,Dejitaru Tsuka,0.0059361060282381,1227.0,3
12/04/2024,Ethereum,TSUKA,Dejitaru Tsuka,0.0059361060282381,1227.0,3
13/04/2024,Ethereum,TSUKA,Dejitaru Tsuka,0.0059361060282381,1227.0,3
14/04/2024,Ethereum,TSUKA,Dejitaru Tsuka,0.0059361060282381,1227.0,3
15/04/2024,Ethereum,TSUKA,Dejitaru Tsuka,0.0059361060282381,1227.0,3
10/04/2024,Avalanche,BLS,BloodLoop,0.2543622885948136,1231.0,1
11/04/2024,Avalanche,BLS,BloodLoop,0.2543622885948136,1231.0,1
12/04/2024,Avalanche,BLS,BloodLoop,0.2543622885948136,1231.0,1
13/04/2024,Avalanche,BLS,BloodLoop,0.2543622885948136,1231.0,1
14/04/2024,Avalanche,BLS,BloodLoop,0.2543622885948136,1231.0,1
15/04/2024,Avalanche,BLS,BloodLoop,0.2543622885948136,1231.0,1
10/04/2024,Ethereum,SWASH,Swash,0.0059059676056126,1235.0,0
11/04/2024,Ethereum,SWASH,Swash,0.0059059676056126,1235.0,0
12/04/2024,Ethereum,SWASH,Swash,0.0059059676056126,1235.0,0
13/04/2024,Ethereum,SWASH,Swash,0.0059059676056126,1235.0,0
14/04/2024,Ethereum,SWASH,Swash,0.0059059676056126,1235.0,0
15/04/2024,Ethereum,SWASH,Swash,0.0059059676056126,1235.0,0
10/04/2024,BNB,LAND,Landshare,1.4971705067369707,1238.0,2
11/04/2024,BNB,LAND,Landshare,1.4971705067369707,1238.0,2
12/04/2024,BNB,LAND,Landshare,1.4971705067369707,1238.0,2
13/04/2024,BNB,LAND,Landshare,1.4971705067369707,1238.0,2
14/04/2024,BNB,LAND,Landshare,1.4971705067369707,1238.0,2
15/04/2024,BNB,LAND,Landshare,1.4971705067369707,1238.0,2
10/04/2024,Polygon,TRC,MetaTrace,0.0161357404062686,1240.0,1
11/04/2024,Polygon,TRC,MetaTrace,0.0161357404062686,1240.0,1
12/04/2024,Polygon,TRC,MetaTrace,0.0161357404062686,1240.0,1
13/04/2024,Polygon,TRC,MetaTrace,0.0161357404062686,1240.0,1
14/04/2024,Polygon,TRC,MetaTrace,0.0161357404062686,1240.0,1
15/04/2024,Polygon,TRC,MetaTrace,0.0161357404062686,1240.0,1
10/04/2024,EOS,EFX,Effect AI,0.02148340864025,1263.0,0
11/04/2024,EOS,EFX,Effect AI,0.02148340864025,1263.0,0
12/04/2024,EOS,EFX,Effect AI,0.02148340864025,1263.0,0
13/04/2024,EOS,EFX,Effect AI,0.02148340864025,1263.0,0
14/04/2024,EOS,EFX,Effect AI,0.02148340864025,1263.0,0
15/04/2024,EOS,EFX,Effect AI,0.02148340864025,1263.0,0
10/04/2024,Ethereum,XDB,XDB CHAIN,0.0002893942328353,1284.0,2
11/04/2024,Ethereum,XDB,XDB CHAIN,0.0002893942328353,1284.0,2
12/04/2024,Ethereum,XDB,XDB CHAIN,0.0002893942328353,1284.0,2
13/04/2024,Ethereum,XDB,XDB CHAIN,0.0002893942328353,1284.0,2
14/04/2024,Ethereum,XDB,XDB CHAIN,0.0002893942328353,1284.0,2
15/04/2024,Ethereum,XDB,XDB CHAIN,0.0002893942328353,1284.0,2
10/04/2024,Ethereum,CHKN,Chickencoin,6.964508986915597e-08,1316.0,3
11/04/2024,Ethereum,CHKN,Chickencoin,6.964508986915597e-08,1316.0,3
12/04/2024,Ethereum,CHKN,Chickencoin,6.964508986915597e-08,1316.0,3
13/04/2024,Ethereum,CHKN,Chickencoin,6.964508986915597e-08,1316.0,3
14/04/2024,Ethereum,CHKN,Chickencoin,6.964508986915597e-08,1316.0,3
15/04/2024,Ethereum,CHKN,Chickencoin,6.964508986915597e-08,1316.0,3
10/04/2024,BNB,BLOCK,BlockGames,0.0498668281786754,1335.0,1
11/04/2024,BNB,BLOCK,BlockGames,0.0498668281786754,1335.0,1
12/04/2024,BNB,BLOCK,BlockGames,0.0498668281786754,1335.0,1
13/04/2024,BNB,BLOCK,BlockGames,0.0498668281786754,1335.0,1
14/04/2024,BNB,BLOCK,BlockGames,0.0498668281786754,1335.0,1
15/04/2024,BNB,BLOCK,BlockGames,0.0498668281786754,1335.0,1
10/04/2024,Ethereum,KIBSHI,KiboShib,3.978819475153004e-06,1352.0,3
11/04/2024,Ethereum,KIBSHI,KiboShib,3.978819475153004e-06,1352.0,3
12/04/2024,Ethereum,KIBSHI,KiboShib,3.978819475153004e-06,1352.0,3
13/04/2024,Ethereum,KIBSHI,KiboShib,3.978819475153004e-06,1352.0,3
14/04/2024,Ethereum,KIBSHI,KiboShib,3.978819475153004e-06,1352.0,3
15/04/2024,Ethereum,KIBSHI,KiboShib,3.978819475153004e-06,1352.0,3
10/04/2024,Solana,MOUTAI,Moutai,0.0056401495407397,1355.0,3
11/04/2024,Solana,MOUTAI,Moutai,0.0056401495407397,1355.0,3
12/04/2024,Solana,MOUTAI,Moutai,0.0056401495407397,1355.0,3
13/04/2024,Solana,MOUTAI,Moutai,0.0056401495407397,1355.0,3
14/04/2024,Solana,MOUTAI,Moutai,0.0056401495407397,1355.0,3
15/04/2024,Solana,MOUTAI,Moutai,0.0056401495407397,1355.0,3
10/04/2024,Ethereum,BEFE,BEFE,3.95102157391965e-05,1385.0,3
11/04/2024,Ethereum,BEFE,BEFE,3.95102157391965e-05,1385.0,3
12/04/2024,Ethereum,BEFE,BEFE,3.95102157391965e-05,1385.0,3
13/04/2024,Ethereum,BEFE,BEFE,3.95102157391965e-05,1385.0,3
14/04/2024,Ethereum,BEFE,BEFE,3.95102157391965e-05,1385.0,3
15/04/2024,Ethereum,BEFE,BEFE,3.95102157391965e-05,1385.0,3
10/04/2024,Ethereum,QOM,Shiba Predator,5.26220662020424e-09,1437.0,3
11/04/2024,Ethereum,QOM,Shiba Predator,5.26220662020424e-09,1437.0,3
12/04/2024,Ethereum,QOM,Shiba Predator,5.26220662020424e-09,1437.0,3
13/04/2024,Ethereum,QOM,Shiba Predator,5.26220662020424e-09,1437.0,3
14/04/2024,Ethereum,QOM,Shiba Predator,5.26220662020424e-09,1437.0,3
15/04/2024,Ethereum,QOM,Shiba Predator,5.26220662020424e-09,1437.0,3
10/04/2024,Ethereum,LNDX,LandX Finance,0.3631254795540348,1449.0,2
11/04/2024,Ethereum,LNDX,LandX Finance,0.3631254795540348,1449.0,2
12/04/2024,Ethereum,LNDX,LandX Finance,0.3631254795540348,1449.0,2
13/04/2024,Ethereum,LNDX,LandX Finance,0.3631254795540348,1449.0,2
14/04/2024,Ethereum,LNDX,LandX Finance,0.3631254795540348,1449.0,2
15/04/2024,Ethereum,LNDX,LandX Finance,0.3631254795540348,1449.0,2
10/04/2024,Ethereum,ANDY,Andy on SOL,0.0031353803732666,1457.0,3
11/04/2024,Ethereum,ANDY,Andy on SOL,0.0031353803732666,1457.0,3
12/04/2024,Ethereum,ANDY,Andy on SOL,0.0031353803732666,1457.0,3
13/04/2024,Ethereum,ANDY,Andy on SOL,0.0031353803732666,1457.0,3
14/04/2024,Ethereum,ANDY,Andy on SOL,0.0031353803732666,1457.0,3
15/04/2024,Ethereum,ANDY,Andy on SOL,0.0031353803732666,1457.0,3
10/04/2024,Ethereum,BCUBE,B-cube.ai,0.0937114303621175,1500.0,0
11/04/2024,Ethereum,BCUBE,B-cube.ai,0.0937114303621175,1500.0,0
12/04/2024,Ethereum,BCUBE,B-cube.ai,0.0937114303621175,1500.0,0
13/04/2024,Ethereum,BCUBE,B-cube.ai,0.0937114303621175,1500.0,0
14/04/2024,Ethereum,BCUBE,B-cube.ai,0.0937114303621175,1500.0,0
15/04/2024,Ethereum,BCUBE,B-cube.ai,0.0937114303621175,1500.0,0
10/04/2024,Solana,YOUNES,YOUNES,0.0024208269944545,1518.0,3
11/04/2024,Solana,YOUNES,YOUNES,0.0024208269944545,1518.0,3
12/04/2024,Solana,YOUNES,YOUNES,0.0024208269944545,1518.0,3
13/04/2024,Solana,YOUNES,YOUNES,0.0024208269944545,1518.0,3
14/04/2024,Solana,YOUNES,YOUNES,0.0024208269944545,1518.0,3
15/04/2024,Solana,YOUNES,YOUNES,0.0024208269944545,1518.0,3
10/04/2024,Ethereum,CHRP,Chirpley,0.0047269268984649,1580.0,0
11/04/2024,Ethereum,CHRP,Chirpley,0.0047269268984649,1580.0,0
12/04/2024,Ethereum,CHRP,Chirpley,0.0047269268984649,1580.0,0
13/04/2024,Ethereum,CHRP,Chirpley,0.0047269268984649,1580.0,0
14/04/2024,Ethereum,CHRP,Chirpley,0.0047269268984649,1580.0,0
15/04/2024,Ethereum,CHRP,Chirpley,0.0047269268984649,1580.0,0
10/04/2024,Ethereum,RMV,Reality Metaverse,0.0072542856326471,1598.0,1
11/04/2024,Ethereum,RMV,Reality Metaverse,0.0072542856326471,1598.0,1
12/04/2024,Ethereum,RMV,Reality Metaverse,0.0072542856326471,1598.0,1
13/04/2024,Ethereum,RMV,Reality Metaverse,0.0072542856326471,1598.0,1
14/04/2024,Ethereum,RMV,Reality Metaverse,0.0072542856326471,1598.0,1
15/04/2024,Ethereum,RMV,Reality Metaverse,0.0072542856326471,1598.0,1
10/04/2024,Ethereum,MCG,MetalCore,0.0039220845169459,1618.0,1
11/04/2024,Ethereum,MCG,MetalCore,0.0039220845169459,1618.0,1
12/04/2024,Ethereum,MCG,MetalCore,0.0039220845169459,1618.0,1
13/04/2024,Ethereum,MCG,MetalCore,0.0039220845169459,1618.0,1
14/04/2024,Ethereum,MCG,MetalCore,0.0039220845169459,1618.0,1
15/04/2024,Ethereum,MCG,MetalCore,0.0039220845169459,1618.0,1
10/04/2024,Ethereum,MEMEAI,Meme Ai,0.0023012333739725,1626.0,3
11/04/2024,Ethereum,MEMEAI,Meme Ai,0.0023012333739725,1626.0,3
12/04/2024,Ethereum,MEMEAI,Meme Ai,0.0023012333739725,1626.0,3
13/04/2024,Ethereum,MEMEAI,Meme Ai,0.0023012333739725,1626.0,3
14/04/2024,Ethereum,MEMEAI,Meme Ai,0.0023012333739725,1626.0,3
15/04/2024,Ethereum,MEMEAI,Meme Ai,0.0023012333739725,1626.0,3
10/04/2024,Solana,HONK,Honk,0.0015776540996094,1664.0,3
11/04/2024,Solana,HONK,Honk,0.0015776540996094,1664.0,3
12/04/2024,Solana,HONK,Honk,0.0015776540996094,1664.0,3
13/04/2024,Solana,HONK,Honk,0.0015776540996094,1664.0,3
14/04/2024,Solana,HONK,Honk,0.0015776540996094,1664.0,3
15/04/2024,Solana,HONK,Honk,0.0015776540996094,1664.0,3
10/04/2024,Ethereum,TAMA,Tamadoge,0.0009623392247919,1684.0,3
11/04/2024,Ethereum,TAMA,Tamadoge,0.0009623392247919,1684.0,3
12/04/2024,Ethereum,TAMA,Tamadoge,0.0009623392247919,1684.0,3
13/04/2024,Ethereum,TAMA,Tamadoge,0.0009623392247919,1684.0,3
14/04/2024,Ethereum,TAMA,Tamadoge,0.0009623392247919,1684.0,3
15/04/2024,Ethereum,TAMA,Tamadoge,0.0009623392247919,1684.0,3
10/04/2024,Solana,BILL,BILL THE BEAR,1.4492223789891413e-06,1697.0,3
11/04/2024,Solana,BILL,BILL THE BEAR,1.4492223789891413e-06,1697.0,3
12/04/2024,Solana,BILL,BILL THE BEAR,1.4492223789891413e-06,1697.0,3
13/04/2024,Solana,BILL,BILL THE BEAR,1.4492223789891413e-06,1697.0,3
14/04/2024,Solana,BILL,BILL THE BEAR,1.4492223789891413e-06,1697.0,3
15/04/2024,Solana,BILL,BILL THE BEAR,1.4492223789891413e-06,1697.0,3
10/04/2024,Base,MOBY,Moby,0.0300205774539893,1711.0,3
11/04/2024,Base,MOBY,Moby,0.0300205774539893,1711.0,3
12/04/2024,Base,MOBY,Moby,0.0300205774539893,1711.0,3
13/04/2024,Base,MOBY,Moby,0.0300205774539893,1711.0,3
14/04/2024,Base,MOBY,Moby,0.0300205774539893,1711.0,3
15/04/2024,Base,MOBY,Moby,0.0300205774539893,1711.0,3
10/04/2024,Solana,HONK,Pepoclown,2.959433064522404e-09,1723.0,3
11/04/2024,Solana,HONK,Pepoclown,2.959433064522404e-09,1723.0,3
12/04/2024,Solana,HONK,Pepoclown,2.959433064522404e-09,1723.0,3
13/04/2024,Solana,HONK,Pepoclown,2.959433064522404e-09,1723.0,3
14/04/2024,Solana,HONK,Pepoclown,2.959433064522404e-09,1723.0,3
15/04/2024,Solana,HONK,Pepoclown,2.959433064522404e-09,1723.0,3
10/04/2024,No asociado a ningun blockchain,P3D,3DPass,0.0036206014473651,1726.0,2
11/04/2024,No asociado a ningun blockchain,P3D,3DPass,0.0036206014473651,1726.0,2
12/04/2024,No asociado a ningun blockchain,P3D,3DPass,0.0036206014473651,1726.0,2
13/04/2024,No asociado a ningun blockchain,P3D,3DPass,0.0036206014473651,1726.0,2
14/04/2024,No asociado a ningun blockchain,P3D,3DPass,0.0036206014473651,1726.0,2
15/04/2024,No asociado a ningun blockchain,P3D,3DPass,0.0036206014473651,1726.0,2
10/04/2024,Solana,GB,Gary Banking,9.27885199788256e-05,1783.0,3
11/04/2024,Solana,GB,Gary Banking,9.27885199788256e-05,1783.0,3
12/04/2024,Solana,GB,Gary Banking,9.27885199788256e-05,1783.0,3
13/04/2024,Solana,GB,Gary Banking,9.27885199788256e-05,1783.0,3
14/04/2024,Solana,GB,Gary Banking,9.27885199788256e-05,1783.0,3
15/04/2024,Solana,GB,Gary Banking,9.27885199788256e-05,1783.0,3
10/04/2024,zkSync,LONG,Long,1.2359658630200444e-06,1786.0,3
11/04/2024,zkSync,LONG,Long,1.2359658630200444e-06,1786.0,3
12/04/2024,zkSync,LONG,Long,1.2359658630200444e-06,1786.0,3
13/04/2024,zkSync,LONG,Long,1.2359658630200444e-06,1786.0,3
14/04/2024,zkSync,LONG,Long,1.2359658630200444e-06,1786.0,3
15/04/2024,zkSync,LONG,Long,1.2359658630200444e-06,1786.0,3
10/04/2024,Ethereum,ELMO,ELMOERC,0.0030319904522632,1808.0,3
11/04/2024,Ethereum,ELMO,ELMOERC,0.0030319904522632,1808.0,3
12/04/2024,Ethereum,ELMO,ELMOERC,0.0030319904522632,1808.0,3
13/04/2024,Ethereum,ELMO,ELMOERC,0.0030319904522632,1808.0,3
14/04/2024,Ethereum,ELMO,ELMOERC,0.0030319904522632,1808.0,3
15/04/2024,Ethereum,ELMO,ELMOERC,0.0030319904522632,1808.0,3
10/04/2024,BNB,GOC,GoCrypto Token,0.0033199701862771,1828.0,0
11/04/2024,BNB,GOC,GoCrypto Token,0.0033199701862771,1828.0,0
12/04/2024,BNB,GOC,GoCrypto Token,0.0033199701862771,1828.0,0
13/04/2024,BNB,GOC,GoCrypto Token,0.0033199701862771,1828.0,0
14/04/2024,BNB,GOC,GoCrypto Token,0.0033199701862771,1828.0,0
15/04/2024,BNB,GOC,GoCrypto Token,0.0033199701862771,1828.0,0
10/04/2024,Ethereum,PUSSY,Pussy Financial,4.457020925314068e-06,1858.0,3
11/04/2024,Ethereum,PUSSY,Pussy Financial,4.457020925314068e-06,1858.0,3
12/04/2024,Ethereum,PUSSY,Pussy Financial,4.457020925314068e-06,1858.0,3
13/04/2024,Ethereum,PUSSY,Pussy Financial,4.457020925314068e-06,1858.0,3
14/04/2024,Ethereum,PUSSY,Pussy Financial,4.457020925314068e-06,1858.0,3
15/04/2024,Ethereum,PUSSY,Pussy Financial,4.457020925314068e-06,1858.0,3
10/04/2024,Ethereum,KEKE,KEK,9.704001003393344e-09,1868.0,3
11/04/2024,Ethereum,KEKE,KEK,9.704001003393344e-09,1868.0,3
12/04/2024,Ethereum,KEKE,KEK,9.704001003393344e-09,1868.0,3
13/04/2024,Ethereum,KEKE,KEK,9.704001003393344e-09,1868.0,3
14/04/2024,Ethereum,KEKE,KEK,9.704001003393344e-09,1868.0,3
15/04/2024,Ethereum,KEKE,KEK,9.704001003393344e-09,1868.0,3
10/04/2024,No asociada a ningun blockchain,BRUH,Bruh,0.0006816592327735,1890.0,3
11/04/2024,No asociada a ningun blockchain,BRUH,Bruh,0.0006816592327735,1890.0,3
12/04/2024,No asociada a ningun blockchain,BRUH,Bruh,0.0006816592327735,1890.0,3
13/04/2024,No asociada a ningun blockchain,BRUH,Bruh,0.0006816592327735,1890.0,3
14/04/2024,No asociada a ningun blockchain,BRUH,Bruh,0.0006816592327735,1890.0,3
15/04/2024,No asociada a ningun blockchain,BRUH,Bruh,0.0006816592327735,1890.0,3
10/04/2024,Ethereum,SKYA,Sekuya Multiverse,0.0045592743705841,1916.0,1
11/04/2024,Ethereum,SKYA,Sekuya Multiverse,0.0045592743705841,1916.0,1
12/04/2024,Ethereum,SKYA,Sekuya Multiverse,0.0045592743705841,1916.0,1
13/04/2024,Ethereum,SKYA,Sekuya Multiverse,0.0045592743705841,1916.0,1
14/04/2024,Ethereum,SKYA,Sekuya Multiverse,0.0045592743705841,1916.0,1
15/04/2024,Ethereum,SKYA,Sekuya Multiverse,0.0045592743705841,1916.0,1
10/04/2024,Ethereum,WIWI,Wiggly Willy,9.147591055171224e-07,1924.0,3
11/04/2024,Ethereum,WIWI,Wiggly Willy,9.147591055171224e-07,1924.0,3
12/04/2024,Ethereum,WIWI,Wiggly Willy,9.147591055171224e-07,1924.0,3
13/04/2024,Ethereum,WIWI,Wiggly Willy,9.147591055171224e-07,1924.0,3
14/04/2024,Ethereum,WIWI,Wiggly Willy,9.147591055171224e-07,1924.0,3
15/04/2024,Ethereum,WIWI,Wiggly Willy,9.147591055171224e-07,1924.0,3
10/04/2024,Ethereum,COBE,Castle of Blackwater,0.065623113841863,1998.0,1
11/04/2024,Ethereum,COBE,Castle of Blackwater,0.065623113841863,1998.0,1
12/04/2024,Ethereum,COBE,Castle of Blackwater,0.065623113841863,1998.0,1
13/04/2024,Ethereum,COBE,Castle of Blackwater,0.065623113841863,1998.0,1
14/04/2024,Ethereum,COBE,Castle of Blackwater,0.065623113841863,1998.0,1
15/04/2024,Ethereum,COBE,Castle of Blackwater,0.065623113841863,1998.0,1
10/04/2024,Ethereum,MMA,Meme Alliance,0.0055453887658858,2002.0,1
11/04/2024,Ethereum,MMA,Meme Alliance,0.0055453887658858,2002.0,1
12/04/2024,Ethereum,MMA,Meme Alliance,0.0055453887658858,2002.0,1
13/04/2024,Ethereum,MMA,Meme Alliance,0.0055453887658858,2002.0,1
14/04/2024,Ethereum,MMA,Meme Alliance,0.0055453887658858,2002.0,1
15/04/2024,Ethereum,MMA,Meme Alliance,0.0055453887658858,2002.0,1
10/04/2024,BNB,OGGY,Oggy Inu (BSC),4.435889214024e-12,2006.0,3
11/04/2024,BNB,OGGY,Oggy Inu (BSC),4.435889214024e-12,2006.0,3
12/04/2024,BNB,OGGY,Oggy Inu (BSC),4.435889214024e-12,2006.0,3
13/04/2024,BNB,OGGY,Oggy Inu (BSC),4.435889214024e-12,2006.0,3
14/04/2024,BNB,OGGY,Oggy Inu (BSC),4.435889214024e-12,2006.0,3
15/04/2024,BNB,OGGY,Oggy Inu (BSC),4.435889214024e-12,2006.0,3
10/04/2024,BNB,PAPU,Papu Token,1.1928489178962165e-08,2063.0,3
11/04/2024,BNB,PAPU,Papu Token,1.1928489178962165e-08,2063.0,3
12/04/2024,BNB,PAPU,Papu Token,1.1928489178962165e-08,2063.0,3
13/04/2024,BNB,PAPU,Papu Token,1.1928489178962165e-08,2063.0,3
14/04/2024,BNB,PAPU,Papu Token,1.1928489178962165e-08,2063.0,3
15/04/2024,BNB,PAPU,Papu Token,1.1928489178962165e-08,2063.0,3
10/04/2024,Ethereum,GMAC,Gemach,0.0007325579636281,2072.0,0
11/04/2024,Ethereum,GMAC,Gemach,0.0007325579636281,2072.0,0
12/04/2024,Ethereum,GMAC,Gemach,0.0007325579636281,2072.0,0
13/04/2024,Ethereum,GMAC,Gemach,0.0007325579636281,2072.0,0
14/04/2024,Ethereum,GMAC,Gemach,0.0007325579636281,2072.0,0
15/04/2024,Ethereum,GMAC,Gemach,0.0007325579636281,2072.0,0
10/04/2024,Ethereum,WFAI,WaifuAI,2.939953180210177e-09,2086.0,3
11/04/2024,Ethereum,WFAI,WaifuAI,2.939953180210177e-09,2086.0,3
12/04/2024,Ethereum,WFAI,WaifuAI,2.939953180210177e-09,2086.0,3
13/04/2024,Ethereum,WFAI,WaifuAI,2.939953180210177e-09,2086.0,3
14/04/2024,Ethereum,WFAI,WaifuAI,2.939953180210177e-09,2086.0,3
15/04/2024,Ethereum,WFAI,WaifuAI,2.939953180210177e-09,2086.0,3
10/04/2024,Base,FOMO,FOMO BULL CLUB,9.500914136620998e-06,2094.0,3
11/04/2024,Base,FOMO,FOMO BULL CLUB,9.500914136620998e-06,2094.0,3
12/04/2024,Base,FOMO,FOMO BULL CLUB,9.500914136620998e-06,2094.0,3
13/04/2024,Base,FOMO,FOMO BULL CLUB,9.500914136620998e-06,2094.0,3
14/04/2024,Base,FOMO,FOMO BULL CLUB,9.500914136620998e-06,2094.0,3
15/04/2024,Base,FOMO,FOMO BULL CLUB,9.500914136620998e-06,2094.0,3
10/04/2024,Polygon,LOE,Legends of Elysium,0.0226783038123278,2099.0,1
11/04/2024,Polygon,LOE,Legends of Elysium,0.0226783038123278,2099.0,1
12/04/2024,Polygon,LOE,Legends of Elysium,0.0226783038123278,2099.0,1
13/04/2024,Polygon,LOE,Legends of Elysium,0.0226783038123278,2099.0,1
14/04/2024,Polygon,LOE,Legends of Elysium,0.0226783038123278,2099.0,1
15/04/2024,Polygon,LOE,Legends of Elysium,0.0226783038123278,2099.0,1
10/04/2024,Ethereum,PAPI,Papi,3.127009322988395e-07,2118.0,3
11/04/2024,Ethereum,PAPI,Papi,3.127009322988395e-07,2118.0,3
12/04/2024,Ethereum,PAPI,Papi,3.127009322988395e-07,2118.0,3
13/04/2024,Ethereum,PAPI,Papi,3.127009322988395e-07,2118.0,3
14/04/2024,Ethereum,PAPI,Papi,3.127009322988395e-07,2118.0,3
15/04/2024,Ethereum,PAPI,Papi,3.127009322988395e-07,2118.0,3
10/04/2024,Ethereum,ACQ,Acquire.Fi,0.0077664847570941,2133.0,2
11/04/2024,Ethereum,ACQ,Acquire.Fi,0.0077664847570941,2133.0,2
12/04/2024,Ethereum,ACQ,Acquire.Fi,0.0077664847570941,2133.0,2
13/04/2024,Ethereum,ACQ,Acquire.Fi,0.0077664847570941,2133.0,2
14/04/2024,Ethereum,ACQ,Acquire.Fi,0.0077664847570941,2133.0,2
15/04/2024,Ethereum,ACQ,Acquire.Fi,0.0077664847570941,2133.0,2
10/04/2024,VeChain,OCE,OceanEx Token,0.0001499979052486,2134.0,0
11/04/2024,VeChain,OCE,OceanEx Token,0.0001499979052486,2134.0,0
12/04/2024,VeChain,OCE,OceanEx Token,0.0001499979052486,2134.0,0
13/04/2024,VeChain,OCE,OceanEx Token,0.0001499979052486,2134.0,0
14/04/2024,VeChain,OCE,OceanEx Token,0.0001499979052486,2134.0,0
15/04/2024,VeChain,OCE,OceanEx Token,0.0001499979052486,2134.0,0
10/04/2024,Base,BSHIB,Based Shiba Inu,2.822223145972292e-05,2148.0,3
11/04/2024,Base,BSHIB,Based Shiba Inu,2.822223145972292e-05,2148.0,3
12/04/2024,Base,BSHIB,Based Shiba Inu,2.822223145972292e-05,2148.0,3
13/04/2024,Base,BSHIB,Based Shiba Inu,2.822223145972292e-05,2148.0,3
14/04/2024,Base,BSHIB,Based Shiba Inu,2.822223145972292e-05,2148.0,3
15/04/2024,Base,BSHIB,Based Shiba Inu,2.822223145972292e-05,2148.0,3
10/04/2024,Ethereum,SAITAMA,SAITAMA INU,0.0003677204100274,2156.0,3
11/04/2024,Ethereum,SAITAMA,SAITAMA INU,0.0003677204100274,2156.0,3
12/04/2024,Ethereum,SAITAMA,SAITAMA INU,0.0003677204100274,2156.0,3
13/04/2024,Ethereum,SAITAMA,SAITAMA INU,0.0003677204100274,2156.0,3
14/04/2024,Ethereum,SAITAMA,SAITAMA INU,0.0003677204100274,2156.0,3
15/04/2024,Ethereum,SAITAMA,SAITAMA INU,0.0003677204100274,2156.0,3
10/04/2024,BNB,OGGY,Oggy Inu (ETH),1.164448078108016e-06,2172.0,3
11/04/2024,BNB,OGGY,Oggy Inu (ETH),1.164448078108016e-06,2172.0,3
12/04/2024,BNB,OGGY,Oggy Inu (ETH),1.164448078108016e-06,2172.0,3
13/04/2024,BNB,OGGY,Oggy Inu (ETH),1.164448078108016e-06,2172.0,3
14/04/2024,BNB,OGGY,Oggy Inu (ETH),1.164448078108016e-06,2172.0,3
15/04/2024,BNB,OGGY,Oggy Inu (ETH),1.164448078108016e-06,2172.0,3
10/04/2024,Ethereum,OJA,Ojamu,0.0021577436995421,2194.0,0
11/04/2024,Ethereum,OJA,Ojamu,0.0021577436995421,2194.0,0
12/04/2024,Ethereum,OJA,Ojamu,0.0021577436995421,2194.0,0
13/04/2024,Ethereum,OJA,Ojamu,0.0021577436995421,2194.0,0
14/04/2024,Ethereum,OJA,Ojamu,0.0021577436995421,2194.0,0
15/04/2024,Ethereum,OJA,Ojamu,0.0021577436995421,2194.0,0
10/04/2024,BNB,CZGOAT,CZ THE GOAT,0.0002491907207515,2205.0,3
11/04/2024,BNB,CZGOAT,CZ THE GOAT,0.0002491907207515,2205.0,3
12/04/2024,BNB,CZGOAT,CZ THE GOAT,0.0002491907207515,2205.0,3
13/04/2024,BNB,CZGOAT,CZ THE GOAT,0.0002491907207515,2205.0,3
14/04/2024,BNB,CZGOAT,CZ THE GOAT,0.0002491907207515,2205.0,3
15/04/2024,BNB,CZGOAT,CZ THE GOAT,0.0002491907207515,2205.0,3
10/04/2024,Ethereum,BUFFI,Bufficorn,4.935140177141313e-07,2208.0,3
11/04/2024,Ethereum,BUFFI,Bufficorn,4.935140177141313e-07,2208.0,3
12/04/2024,Ethereum,BUFFI,Bufficorn,4.935140177141313e-07,2208.0,3
13/04/2024,Ethereum,BUFFI,Bufficorn,4.935140177141313e-07,2208.0,3
14/04/2024,Ethereum,BUFFI,Bufficorn,4.935140177141313e-07,2208.0,3
15/04/2024,Ethereum,BUFFI,Bufficorn,4.935140177141313e-07,2208.0,3
10/04/2024,Ethereum,MMAI,MetamonkeyAi,2.8471937536335928e-05,2244.0,0
11/04/2024,Ethereum,MMAI,MetamonkeyAi,2.8471937536335928e-05,2244.0,0
12/04/2024,Ethereum,MMAI,MetamonkeyAi,2.8471937536335928e-05,2244.0,0
13/04/2024,Ethereum,MMAI,MetamonkeyAi,2.8471937536335928e-05,2244.0,0
14/04/2024,Ethereum,MMAI,MetamonkeyAi,2.8471937536335928e-05,2244.0,0
15/04/2024,Ethereum,MMAI,MetamonkeyAi,2.8471937536335928e-05,2244.0,0
10/04/2024,Ethereum,DBZ,Dragonball Z Tribute,1.38454375062395e-07,2365.0,3
11/04/2024,Ethereum,DBZ,Dragonball Z Tribute,1.38454375062395e-07,2365.0,3
12/04/2024,Ethereum,DBZ,Dragonball Z Tribute,1.38454375062395e-07,2365.0,3
13/04/2024,Ethereum,DBZ,Dragonball Z Tribute,1.38454375062395e-07,2365.0,3
14/04/2024,Ethereum,DBZ,Dragonball Z Tribute,1.38454375062395e-07,2365.0,3
15/04/2024,Ethereum,DBZ,Dragonball Z Tribute,1.38454375062395e-07,2365.0,3
10/04/2024,BNB,GSTS,Gunstar Metaverse,0.0025792893392774,2399.0,1
11/04/2024,BNB,GSTS,Gunstar Metaverse,0.0025792893392774,2399.0,1
12/04/2024,BNB,GSTS,Gunstar Metaverse,0.0025792893392774,2399.0,1
13/04/2024,BNB,GSTS,Gunstar Metaverse,0.0025792893392774,2399.0,1
14/04/2024,BNB,GSTS,Gunstar Metaverse,0.0025792893392774,2399.0,1
15/04/2024,BNB,GSTS,Gunstar Metaverse,0.0025792893392774,2399.0,1
10/04/2024,Ethereum,UPI,Pawtocol,0.000180218730673,2457.0,0
11/04/2024,Ethereum,UPI,Pawtocol,0.000180218730673,2457.0,0
12/04/2024,Ethereum,UPI,Pawtocol,0.000180218730673,2457.0,0
13/04/2024,Ethereum,UPI,Pawtocol,0.000180218730673,2457.0,0
14/04/2024,Ethereum,UPI,Pawtocol,0.000180218730673,2457.0,0
15/04/2024,Ethereum,UPI,Pawtocol,0.000180218730673,2457.0,0
10/04/2024,Ethereum,UBEX,Ubex,1.0483990468132046e-05,2495.0,0
11/04/2024,Ethereum,UBEX,Ubex,1.0483990468132046e-05,2495.0,0
12/04/2024,Ethereum,UBEX,Ubex,1.0483990468132046e-05,2495.0,0
13/04/2024,Ethereum,UBEX,Ubex,1.0483990468132046e-05,2495.0,0
14/04/2024,Ethereum,UBEX,Ubex,1.0483990468132046e-05,2495.0,0
15/04/2024,Ethereum,UBEX,Ubex,1.0483990468132046e-05,2495.0,0
10/04/2024,BNB,ERA,Era Token (Era7),0.000359858790538,2551.0,1
11/04/2024,BNB,ERA,Era Token (Era7),0.000359858790538,2551.0,1
12/04/2024,BNB,ERA,Era Token (Era7),0.000359858790538,2551.0,1
13/04/2024,BNB,ERA,Era Token (Era7),0.000359858790538,2551.0,1
14/04/2024,BNB,ERA,Era Token (Era7),0.000359858790538,2551.0,1
15/04/2024,BNB,ERA,Era Token (Era7),0.000359858790538,2551.0,1
10/04/2024,Ethereum,MEMECUP,Meme Cup,1.5938924888432082e-05,2566.0,3
11/04/2024,Ethereum,MEMECUP,Meme Cup,1.5938924888432082e-05,2566.0,3
12/04/2024,Ethereum,MEMECUP,Meme Cup,1.5938924888432082e-05,2566.0,3
13/04/2024,Ethereum,MEMECUP,Meme Cup,1.5938924888432082e-05,2566.0,3
14/04/2024,Ethereum,MEMECUP,Meme Cup,1.5938924888432082e-05,2566.0,3
15/04/2024,Ethereum,MEMECUP,Meme Cup,1.5938924888432082e-05,2566.0,3
10/04/2024,Ethereum,CNTM,Connectome,0.0033570948022322,2622.0,0
11/04/2024,Ethereum,CNTM,Connectome,0.0033570948022322,2622.0,0
12/04/2024,Ethereum,CNTM,Connectome,0.0033570948022322,2622.0,0
13/04/2024,Ethereum,CNTM,Connectome,0.0033570948022322,2622.0,0
14/04/2024,Ethereum,CNTM,Connectome,0.0033570948022322,2622.0,0
15/04/2024,Ethereum,CNTM,Connectome,0.0033570948022322,2622.0,0
10/04/2024,BNB,MAO,Mao,0.0164295200292649,2690.0,3
10/04/2024,BNB,MAO,Mao,0.0009045695551109,4853.0,3
11/04/2024,BNB,MAO,Mao,0.0164295200292649,2690.0,3
11/04/2024,BNB,MAO,Mao,0.0009045695551109,4853.0,3
12/04/2024,BNB,MAO,Mao,0.0164295200292649,2690.0,3
12/04/2024,BNB,MAO,Mao,0.0009045695551109,4853.0,3
13/04/2024,BNB,MAO,Mao,0.0164295200292649,2690.0,3
13/04/2024,BNB,MAO,Mao,0.0009045695551109,4853.0,3
14/04/2024,BNB,MAO,Mao,0.0164295200292649,2690.0,3
14/04/2024,BNB,MAO,Mao,0.0009045695551109,4853.0,3
15/04/2024,BNB,MAO,Mao,0.0164295200292649,2690.0,3
15/04/2024,BNB,MAO,Mao,0.0009045695551109,4853.0,3
10/04/2024,Ethereum,PEPE,Arbi Pepe,8.506466264709969e-06,2694.0,3
11/04/2024,Ethereum,PEPE,Arbi Pepe,8.506466264709969e-06,2694.0,3
12/04/2024,Ethereum,PEPE,Arbi Pepe,8.506466264709969e-06,2694.0,3
13/04/2024,Ethereum,PEPE,Arbi Pepe,8.506466264709969e-06,2694.0,3
14/04/2024,Ethereum,PEPE,Arbi Pepe,8.506466264709969e-06,2694.0,3
15/04/2024,Ethereum,PEPE,Arbi Pepe,8.506466264709969e-06,2694.0,3
10/04/2024,Arbitrum,BEBE,BEBE,0.0007289368471078,2701.0,3
10/04/2024,Arbitrum,BEBE,BEBE,7.322488031845613e-09,4681.0,3
11/04/2024,Arbitrum,BEBE,BEBE,0.0007289368471078,2701.0,3
11/04/2024,Arbitrum,BEBE,BEBE,7.322488031845613e-09,4681.0,3
12/04/2024,Arbitrum,BEBE,BEBE,0.0007289368471078,2701.0,3
12/04/2024,Arbitrum,BEBE,BEBE,7.322488031845613e-09,4681.0,3
13/04/2024,Arbitrum,BEBE,BEBE,0.0007289368471078,2701.0,3
13/04/2024,Arbitrum,BEBE,BEBE,7.322488031845613e-09,4681.0,3
14/04/2024,Arbitrum,BEBE,BEBE,0.0007289368471078,2701.0,3
14/04/2024,Arbitrum,BEBE,BEBE,7.322488031845613e-09,4681.0,3
15/04/2024,Arbitrum,BEBE,BEBE,0.0007289368471078,2701.0,3
15/04/2024,Arbitrum,BEBE,BEBE,7.322488031845613e-09,4681.0,3
10/04/2024,BNB,AIC,AI Companions,0.1349887183972506,2707.0,3
11/04/2024,BNB,AIC,AI Companions,0.1349887183972506,2707.0,3
12/04/2024,BNB,AIC,AI Companions,0.1349887183972506,2707.0,3
13/04/2024,BNB,AIC,AI Companions,0.1349887183972506,2707.0,3
14/04/2024,BNB,AIC,AI Companions,0.1349887183972506,2707.0,3
15/04/2024,BNB,AIC,AI Companions,0.1349887183972506,2707.0,3
10/04/2024,Solana,GUMMY,GUMMY,0.0101764344375281,2714.0,3
11/04/2024,Solana,GUMMY,GUMMY,0.0101764344375281,2714.0,3
12/04/2024,Solana,GUMMY,GUMMY,0.0101764344375281,2714.0,3
13/04/2024,Solana,GUMMY,GUMMY,0.0101764344375281,2714.0,3
14/04/2024,Solana,GUMMY,GUMMY,0.0101764344375281,2714.0,3
15/04/2024,Solana,GUMMY,GUMMY,0.0101764344375281,2714.0,3
10/04/2024,Solana,SHIT,Shitcoin (SOL),0.0121339528356135,2715.0,3
11/04/2024,Solana,SHIT,Shitcoin (SOL),0.0121339528356135,2715.0,3
12/04/2024,Solana,SHIT,Shitcoin (SOL),0.0121339528356135,2715.0,3
13/04/2024,Solana,SHIT,Shitcoin (SOL),0.0121339528356135,2715.0,3
14/04/2024,Solana,SHIT,Shitcoin (SOL),0.0121339528356135,2715.0,3
15/04/2024,Solana,SHIT,Shitcoin (SOL),0.0121339528356135,2715.0,3
10/04/2024,Solana,SMOLE,smolecoin,3.822376028421744e-05,2739.0,3
11/04/2024,Solana,SMOLE,smolecoin,3.822376028421744e-05,2739.0,3
12/04/2024,Solana,SMOLE,smolecoin,3.822376028421744e-05,2739.0,3
13/04/2024,Solana,SMOLE,smolecoin,3.822376028421744e-05,2739.0,3
14/04/2024,Solana,SMOLE,smolecoin,3.822376028421744e-05,2739.0,3
15/04/2024,Solana,SMOLE,smolecoin,3.822376028421744e-05,2739.0,3
10/04/2024,Ethereum,WOJAK,Wojak,0.0007265615627472,2749.0,3
11/04/2024,Ethereum,WOJAK,Wojak,0.0007265615627472,2749.0,3
12/04/2024,Ethereum,WOJAK,Wojak,0.0007265615627472,2749.0,3
13/04/2024,Ethereum,WOJAK,Wojak,0.0007265615627472,2749.0,3
14/04/2024,Ethereum,WOJAK,Wojak,0.0007265615627472,2749.0,3
15/04/2024,Ethereum,WOJAK,Wojak,0.0007265615627472,2749.0,3
10/04/2024,Ethereum,OLAS,Autonolas,1.5331972384591743,2754.0,0
11/04/2024,Ethereum,OLAS,Autonolas,1.5331972384591743,2754.0,0
12/04/2024,Ethereum,OLAS,Autonolas,1.5331972384591743,2754.0,0
13/04/2024,Ethereum,OLAS,Autonolas,1.5331972384591743,2754.0,0
14/04/2024,Ethereum,OLAS,Autonolas,1.5331972384591743,2754.0,0
15/04/2024,Ethereum,OLAS,Autonolas,1.5331972384591743,2754.0,0
10/04/2024,Solana,HEHE,hehe,0.0318268572109087,2758.0,3
11/04/2024,Solana,HEHE,hehe,0.0318268572109087,2758.0,3
12/04/2024,Solana,HEHE,hehe,0.0318268572109087,2758.0,3
13/04/2024,Solana,HEHE,hehe,0.0318268572109087,2758.0,3
14/04/2024,Solana,HEHE,hehe,0.0318268572109087,2758.0,3
15/04/2024,Solana,HEHE,hehe,0.0318268572109087,2758.0,3
10/04/2024,Ethereum,SMILEY,SMILEY,3.102546005439e-12,2761.0,3
11/04/2024,Ethereum,SMILEY,SMILEY,3.102546005439e-12,2761.0,3
12/04/2024,Ethereum,SMILEY,SMILEY,3.102546005439e-12,2761.0,3
13/04/2024,Ethereum,SMILEY,SMILEY,3.102546005439e-12,2761.0,3
14/04/2024,Ethereum,SMILEY,SMILEY,3.102546005439e-12,2761.0,3
15/04/2024,Ethereum,SMILEY,SMILEY,3.102546005439e-12,2761.0,3
10/04/2024,Base,MOEW,donotfomoew,0.0005066533995975,2769.0,3
11/04/2024,Base,MOEW,donotfomoew,0.0005066533995975,2769.0,3
12/04/2024,Base,MOEW,donotfomoew,0.0005066533995975,2769.0,3
13/04/2024,Base,MOEW,donotfomoew,0.0005066533995975,2769.0,3
14/04/2024,Base,MOEW,donotfomoew,0.0005066533995975,2769.0,3
15/04/2024,Base,MOEW,donotfomoew,0.0005066533995975,2769.0,3
10/04/2024,Viction,CEC,Counter Fire,0.0110207917602405,2770.0,1
11/04/2024,Viction,CEC,Counter Fire,0.0110207917602405,2770.0,1
12/04/2024,Viction,CEC,Counter Fire,0.0110207917602405,2770.0,1
13/04/2024,Viction,CEC,Counter Fire,0.0110207917602405,2770.0,1
14/04/2024,Viction,CEC,Counter Fire,0.0110207917602405,2770.0,1
15/04/2024,Viction,CEC,Counter Fire,0.0110207917602405,2770.0,1
10/04/2024,Ethereum,SORA,Sora,0.0013345072583374,2802.0,3
11/04/2024,Ethereum,SORA,Sora,0.0013345072583374,2802.0,3
12/04/2024,Ethereum,SORA,Sora,0.0013345072583374,2802.0,3
13/04/2024,Ethereum,SORA,Sora,0.0013345072583374,2802.0,3
14/04/2024,Ethereum,SORA,Sora,0.0013345072583374,2802.0,3
15/04/2024,Ethereum,SORA,Sora,0.0013345072583374,2802.0,3
10/04/2024,Ethereum,BOOE,Book of Ethereum,0.2822891178522654,2809.0,3
11/04/2024,Ethereum,BOOE,Book of Ethereum,0.2822891178522654,2809.0,3
12/04/2024,Ethereum,BOOE,Book of Ethereum,0.2822891178522654,2809.0,3
13/04/2024,Ethereum,BOOE,Book of Ethereum,0.2822891178522654,2809.0,3
14/04/2024,Ethereum,BOOE,Book of Ethereum,0.2822891178522654,2809.0,3
15/04/2024,Ethereum,BOOE,Book of Ethereum,0.2822891178522654,2809.0,3
10/04/2024,Solana,SELFIE,SelfieDogCoin,0.0287622166657492,2864.0,3
11/04/2024,Solana,SELFIE,SelfieDogCoin,0.0287622166657492,2864.0,3
12/04/2024,Solana,SELFIE,SelfieDogCoin,0.0287622166657492,2864.0,3
13/04/2024,Solana,SELFIE,SelfieDogCoin,0.0287622166657492,2864.0,3
14/04/2024,Solana,SELFIE,SelfieDogCoin,0.0287622166657492,2864.0,3
15/04/2024,Solana,SELFIE,SelfieDogCoin,0.0287622166657492,2864.0,3
10/04/2024,Solana,UWU,Unicorn,0.0007533365804223,2886.0,3
11/04/2024,Solana,UWU,Unicorn,0.0007533365804223,2886.0,3
12/04/2024,Solana,UWU,Unicorn,0.0007533365804223,2886.0,3
13/04/2024,Solana,UWU,Unicorn,0.0007533365804223,2886.0,3
14/04/2024,Solana,UWU,Unicorn,0.0007533365804223,2886.0,3
15/04/2024,Solana,UWU,Unicorn,0.0007533365804223,2886.0,3
10/04/2024,Ethereum,DOGA,DOGITA,3.7755370883110046e-06,2899.0,3
11/04/2024,Ethereum,DOGA,DOGITA,3.7755370883110046e-06,2899.0,3
12/04/2024,Ethereum,DOGA,DOGITA,3.7755370883110046e-06,2899.0,3
13/04/2024,Ethereum,DOGA,DOGITA,3.7755370883110046e-06,2899.0,3
14/04/2024,Ethereum,DOGA,DOGITA,3.7755370883110046e-06,2899.0,3
15/04/2024,Ethereum,DOGA,DOGITA,3.7755370883110046e-06,2899.0,3
10/04/2024,Bitcoin,DOG,DogeSwap,0.0026087008640302,2927.0,3
11/04/2024,Bitcoin,DOG,DogeSwap,0.0026087008640302,2927.0,3
12/04/2024,Bitcoin,DOG,DogeSwap,0.0026087008640302,2927.0,3
13/04/2024,Bitcoin,DOG,DogeSwap,0.0026087008640302,2927.0,3
14/04/2024,Bitcoin,DOG,DogeSwap,0.0026087008640302,2927.0,3
15/04/2024,Bitcoin,DOG,DogeSwap,0.0026087008640302,2927.0,3
10/04/2024,Solana,$VENKO,VENKO,1.753355681287469e-06,2952.0,3
11/04/2024,Solana,$VENKO,VENKO,1.753355681287469e-06,2952.0,3
12/04/2024,Solana,$VENKO,VENKO,1.753355681287469e-06,2952.0,3
13/04/2024,Solana,$VENKO,VENKO,1.753355681287469e-06,2952.0,3
14/04/2024,Solana,$VENKO,VENKO,1.753355681287469e-06,2952.0,3
15/04/2024,Solana,$VENKO,VENKO,1.753355681287469e-06,2952.0,3
10/04/2024,No asociado a ningun blockchain,NIM,Nim Network,0.0270150415722819,2955.0,1
11/04/2024,No asociado a ningun blockchain,NIM,Nim Network,0.0270150415722819,2955.0,1
12/04/2024,No asociado a ningun blockchain,NIM,Nim Network,0.0270150415722819,2955.0,1
13/04/2024,No asociado a ningun blockchain,NIM,Nim Network,0.0270150415722819,2955.0,1
14/04/2024,No asociado a ningun blockchain,NIM,Nim Network,0.0270150415722819,2955.0,1
15/04/2024,No asociado a ningun blockchain,NIM,Nim Network,0.0270150415722819,2955.0,1
10/04/2024,Multichain,XETA,XANA,0.0021138444973796,2993.0,0
11/04/2024,Multichain,XETA,XANA,0.0021138444973796,2993.0,0
12/04/2024,Multichain,XETA,XANA,0.0021138444973796,2993.0,0
13/04/2024,Multichain,XETA,XANA,0.0021138444973796,2993.0,0
14/04/2024,Multichain,XETA,XANA,0.0021138444973796,2993.0,0
15/04/2024,Multichain,XETA,XANA,0.0021138444973796,2993.0,0
10/04/2024,Solana,BEER,Beers,2.2607221544545983e-06,2997.0,3
11/04/2024,Solana,BEER,Beers,2.2607221544545983e-06,2997.0,3
12/04/2024,Solana,BEER,Beers,2.2607221544545983e-06,2997.0,3
13/04/2024,Solana,BEER,Beers,2.2607221544545983e-06,2997.0,3
14/04/2024,Solana,BEER,Beers,2.2607221544545983e-06,2997.0,3
15/04/2024,Solana,BEER,Beers,2.2607221544545983e-06,2997.0,3
10/04/2024,Ethereum,GEKKO,Gekko HQ,2.0779775074376624e-06,3014.0,3
11/04/2024,Ethereum,GEKKO,Gekko HQ,2.0779775074376624e-06,3014.0,3
12/04/2024,Ethereum,GEKKO,Gekko HQ,2.0779775074376624e-06,3014.0,3
13/04/2024,Ethereum,GEKKO,Gekko HQ,2.0779775074376624e-06,3014.0,3
14/04/2024,Ethereum,GEKKO,Gekko HQ,2.0779775074376624e-06,3014.0,3
15/04/2024,Ethereum,GEKKO,Gekko HQ,2.0779775074376624e-06,3014.0,3
10/04/2024,Solana,GME,GameStop,2.312589367696017e-05,3018.0,1
11/04/2024,Solana,GME,GameStop,2.312589367696017e-05,3018.0,1
12/04/2024,Solana,GME,GameStop,2.312589367696017e-05,3018.0,1
13/04/2024,Solana,GME,GameStop,2.312589367696017e-05,3018.0,1
14/04/2024,Solana,GME,GameStop,2.312589367696017e-05,3018.0,1
15/04/2024,Solana,GME,GameStop,2.312589367696017e-05,3018.0,1
10/04/2024,Ethereum,TRUMP,MAGA,0.1697496500676047,3038.0,3
10/04/2024,Ethereum,TRUMP,MAGA,0.0180883496131595,3206.0,3
11/04/2024,Ethereum,TRUMP,MAGA,0.1697496500676047,3038.0,3
11/04/2024,Ethereum,TRUMP,MAGA,0.0180883496131595,3206.0,3
12/04/2024,Ethereum,TRUMP,MAGA,0.1697496500676047,3038.0,3
12/04/2024,Ethereum,TRUMP,MAGA,0.0180883496131595,3206.0,3
13/04/2024,Ethereum,TRUMP,MAGA,0.1697496500676047,3038.0,3
13/04/2024,Ethereum,TRUMP,MAGA,0.0180883496131595,3206.0,3
14/04/2024,Ethereum,TRUMP,MAGA,0.1697496500676047,3038.0,3
14/04/2024,Ethereum,TRUMP,MAGA,0.0180883496131595,3206.0,3
15/04/2024,Ethereum,TRUMP,MAGA,0.1697496500676047,3038.0,3
15/04/2024,Ethereum,TRUMP,MAGA,0.0180883496131595,3206.0,3
10/04/2024,Ethereum,KEKEC,THE BALKAN DWARF,8.123206393213125e-05,3053.0,3
11/04/2024,Ethereum,KEKEC,THE BALKAN DWARF,8.123206393213125e-05,3053.0,3
12/04/2024,Ethereum,KEKEC,THE BALKAN DWARF,8.123206393213125e-05,3053.0,3
13/04/2024,Ethereum,KEKEC,THE BALKAN DWARF,8.123206393213125e-05,3053.0,3
14/04/2024,Ethereum,KEKEC,THE BALKAN DWARF,8.123206393213125e-05,3053.0,3
15/04/2024,Ethereum,KEKEC,THE BALKAN DWARF,8.123206393213125e-05,3053.0,3
10/04/2024,Ethereum,ZYN,ZynCoin,0.0246256603296488,3097.0,3
11/04/2024,Ethereum,ZYN,ZynCoin,0.0246256603296488,3097.0,3
12/04/2024,Ethereum,ZYN,ZynCoin,0.0246256603296488,3097.0,3
13/04/2024,Ethereum,ZYN,ZynCoin,0.0246256603296488,3097.0,3
14/04/2024,Ethereum,ZYN,ZynCoin,0.0246256603296488,3097.0,3
15/04/2024,Ethereum,ZYN,ZynCoin,0.0246256603296488,3097.0,3
10/04/2024,Ethereum,EPIK,TEH EPIK DUCK,0.0091013799412611,3101.0,3
11/04/2024,Ethereum,EPIK,TEH EPIK DUCK,0.0091013799412611,3101.0,3
12/04/2024,Ethereum,EPIK,TEH EPIK DUCK,0.0091013799412611,3101.0,3
13/04/2024,Ethereum,EPIK,TEH EPIK DUCK,0.0091013799412611,3101.0,3
14/04/2024,Ethereum,EPIK,TEH EPIK DUCK,0.0091013799412611,3101.0,3
15/04/2024,Ethereum,EPIK,TEH EPIK DUCK,0.0091013799412611,3101.0,3
10/04/2024,Ethereum,UNLEASH,UnleashClub,4.955343017595329e-05,3103.0,3
11/04/2024,Ethereum,UNLEASH,UnleashClub,4.955343017595329e-05,3103.0,3
12/04/2024,Ethereum,UNLEASH,UnleashClub,4.955343017595329e-05,3103.0,3
13/04/2024,Ethereum,UNLEASH,UnleashClub,4.955343017595329e-05,3103.0,3
14/04/2024,Ethereum,UNLEASH,UnleashClub,4.955343017595329e-05,3103.0,3
15/04/2024,Ethereum,UNLEASH,UnleashClub,4.955343017595329e-05,3103.0,3
10/04/2024,Solana,EKOC,Coke,0.0078523618353634,3108.0,3
11/04/2024,Solana,EKOC,Coke,0.0078523618353634,3108.0,3
12/04/2024,Solana,EKOC,Coke,0.0078523618353634,3108.0,3
13/04/2024,Solana,EKOC,Coke,0.0078523618353634,3108.0,3
14/04/2024,Solana,EKOC,Coke,0.0078523618353634,3108.0,3
15/04/2024,Solana,EKOC,Coke,0.0078523618353634,3108.0,3
10/04/2024,Ethereum,MND,Mind,0.0489206293700814,3114.0,0
11/04/2024,Ethereum,MND,Mind,0.0489206293700814,3114.0,0
12/04/2024,Ethereum,MND,Mind,0.0489206293700814,3114.0,0
13/04/2024,Ethereum,MND,Mind,0.0489206293700814,3114.0,0
14/04/2024,Ethereum,MND,Mind,0.0489206293700814,3114.0,0
15/04/2024,Ethereum,MND,Mind,0.0489206293700814,3114.0,0
10/04/2024,Ethereum,DOGWIFHAT,dogwifhat,0.0065489886511342,3148.0,3
11/04/2024,Ethereum,DOGWIFHAT,dogwifhat,0.0065489886511342,3148.0,3
12/04/2024,Ethereum,DOGWIFHAT,dogwifhat,0.0065489886511342,3148.0,3
13/04/2024,Ethereum,DOGWIFHAT,dogwifhat,0.0065489886511342,3148.0,3
14/04/2024,Ethereum,DOGWIFHAT,dogwifhat,0.0065489886511342,3148.0,3
15/04/2024,Ethereum,DOGWIFHAT,dogwifhat,0.0065489886511342,3148.0,3
10/04/2024,Ethereum,SATOSHI,Satoshi Nakamoto,0.3235588078271109,3151.0,3
11/04/2024,Ethereum,SATOSHI,Satoshi Nakamoto,0.3235588078271109,3151.0,3
12/04/2024,Ethereum,SATOSHI,Satoshi Nakamoto,0.3235588078271109,3151.0,3
13/04/2024,Ethereum,SATOSHI,Satoshi Nakamoto,0.3235588078271109,3151.0,3
14/04/2024,Ethereum,SATOSHI,Satoshi Nakamoto,0.3235588078271109,3151.0,3
15/04/2024,Ethereum,SATOSHI,Satoshi Nakamoto,0.3235588078271109,3151.0,3
10/04/2024,Solana,PEANIE,Peanie,0.0026056771113425,3171.0,3
11/04/2024,Solana,PEANIE,Peanie,0.0026056771113425,3171.0,3
12/04/2024,Solana,PEANIE,Peanie,0.0026056771113425,3171.0,3
13/04/2024,Solana,PEANIE,Peanie,0.0026056771113425,3171.0,3
14/04/2024,Solana,PEANIE,Peanie,0.0026056771113425,3171.0,3
15/04/2024,Solana,PEANIE,Peanie,0.0026056771113425,3171.0,3
10/04/2024,Ethereum,TAONU,TAO INU,0.0094449472602081,3178.0,3
11/04/2024,Ethereum,TAONU,TAO INU,0.0094449472602081,3178.0,3
12/04/2024,Ethereum,TAONU,TAO INU,0.0094449472602081,3178.0,3
13/04/2024,Ethereum,TAONU,TAO INU,0.0094449472602081,3178.0,3
14/04/2024,Ethereum,TAONU,TAO INU,0.0094449472602081,3178.0,3
15/04/2024,Ethereum,TAONU,TAO INU,0.0094449472602081,3178.0,3
10/04/2024,BNB,SCOTTY,Scotty The Ai,0.0025151472181036,3190.0,3
11/04/2024,BNB,SCOTTY,Scotty The Ai,0.0025151472181036,3190.0,3
12/04/2024,BNB,SCOTTY,Scotty The Ai,0.0025151472181036,3190.0,3
13/04/2024,BNB,SCOTTY,Scotty The Ai,0.0025151472181036,3190.0,3
14/04/2024,BNB,SCOTTY,Scotty The Ai,0.0025151472181036,3190.0,3
15/04/2024,BNB,SCOTTY,Scotty The Ai,0.0025151472181036,3190.0,3
10/04/2024,BNB,KOL,King of Legends,0.0036399491673668,3199.0,1
11/04/2024,BNB,KOL,King of Legends,0.0036399491673668,3199.0,1
12/04/2024,BNB,KOL,King of Legends,0.0036399491673668,3199.0,1
13/04/2024,BNB,KOL,King of Legends,0.0036399491673668,3199.0,1
14/04/2024,BNB,KOL,King of Legends,0.0036399491673668,3199.0,1
15/04/2024,BNB,KOL,King of Legends,0.0036399491673668,3199.0,1
10/04/2024,Solana,DEEBO,Deebo the Bear,0.0006463579485776,3218.0,3
11/04/2024,Solana,DEEBO,Deebo the Bear,0.0006463579485776,3218.0,3
12/04/2024,Solana,DEEBO,Deebo the Bear,0.0006463579485776,3218.0,3
13/04/2024,Solana,DEEBO,Deebo the Bear,0.0006463579485776,3218.0,3
14/04/2024,Solana,DEEBO,Deebo the Bear,0.0006463579485776,3218.0,3
15/04/2024,Solana,DEEBO,Deebo the Bear,0.0006463579485776,3218.0,3
10/04/2024,Ethereum,FOUR,FourCoin,2.506110400123844e-05,3229.0,3
11/04/2024,Ethereum,FOUR,FourCoin,2.506110400123844e-05,3229.0,3
12/04/2024,Ethereum,FOUR,FourCoin,2.506110400123844e-05,3229.0,3
13/04/2024,Ethereum,FOUR,FourCoin,2.506110400123844e-05,3229.0,3
14/04/2024,Ethereum,FOUR,FourCoin,2.506110400123844e-05,3229.0,3
15/04/2024,Ethereum,FOUR,FourCoin,2.506110400123844e-05,3229.0,3
10/04/2024,Solana,GUAC,Guacamole,8.63030953296882e-08,3233.0,3
11/04/2024,Solana,GUAC,Guacamole,8.63030953296882e-08,3233.0,3
12/04/2024,Solana,GUAC,Guacamole,8.63030953296882e-08,3233.0,3
13/04/2024,Solana,GUAC,Guacamole,8.63030953296882e-08,3233.0,3
14/04/2024,Solana,GUAC,Guacamole,8.63030953296882e-08,3233.0,3
15/04/2024,Solana,GUAC,Guacamole,8.63030953296882e-08,3233.0,3
10/04/2024,Arbitrum,HIP,HIPPOP,0.0001995207680963,3245.0,3
11/04/2024,Arbitrum,HIP,HIPPOP,0.0001995207680963,3245.0,3
12/04/2024,Arbitrum,HIP,HIPPOP,0.0001995207680963,3245.0,3
13/04/2024,Arbitrum,HIP,HIPPOP,0.0001995207680963,3245.0,3
14/04/2024,Arbitrum,HIP,HIPPOP,0.0001995207680963,3245.0,3
15/04/2024,Arbitrum,HIP,HIPPOP,0.0001995207680963,3245.0,3
10/04/2024,Base,SKI,Ski Mask Dog,0.0009805942012174,3259.0,3
11/04/2024,Base,SKI,Ski Mask Dog,0.0009805942012174,3259.0,3
12/04/2024,Base,SKI,Ski Mask Dog,0.0009805942012174,3259.0,3
13/04/2024,Base,SKI,Ski Mask Dog,0.0009805942012174,3259.0,3
14/04/2024,Base,SKI,Ski Mask Dog,0.0009805942012174,3259.0,3
15/04/2024,Base,SKI,Ski Mask Dog,0.0009805942012174,3259.0,3
10/04/2024,BNB,GROW,Grow Token,0.3782536335875835,3262.0,0
11/04/2024,BNB,GROW,Grow Token,0.3782536335875835,3262.0,0
12/04/2024,BNB,GROW,Grow Token,0.3782536335875835,3262.0,0
13/04/2024,BNB,GROW,Grow Token,0.3782536335875835,3262.0,0
14/04/2024,BNB,GROW,Grow Token,0.3782536335875835,3262.0,0
15/04/2024,BNB,GROW,Grow Token,0.3782536335875835,3262.0,0
10/04/2024,Ethereum,FACTR,Defactor,0.0420346073663874,3277.0,2
11/04/2024,Ethereum,FACTR,Defactor,0.0420346073663874,3277.0,2
12/04/2024,Ethereum,FACTR,Defactor,0.0420346073663874,3277.0,2
13/04/2024,Ethereum,FACTR,Defactor,0.0420346073663874,3277.0,2
14/04/2024,Ethereum,FACTR,Defactor,0.0420346073663874,3277.0,2
15/04/2024,Ethereum,FACTR,Defactor,0.0420346073663874,3277.0,2
10/04/2024,BNB,MANIA,ScapesMania,0.0039112362779546,3310.0,1
11/04/2024,BNB,MANIA,ScapesMania,0.0039112362779546,3310.0,1
12/04/2024,BNB,MANIA,ScapesMania,0.0039112362779546,3310.0,1
13/04/2024,BNB,MANIA,ScapesMania,0.0039112362779546,3310.0,1
14/04/2024,BNB,MANIA,ScapesMania,0.0039112362779546,3310.0,1
15/04/2024,BNB,MANIA,ScapesMania,0.0039112362779546,3310.0,1
10/04/2024,Base,HIGHER,Higher,0.0046189932491436,3334.0,3
11/04/2024,Base,HIGHER,Higher,0.0046189932491436,3334.0,3
12/04/2024,Base,HIGHER,Higher,0.0046189932491436,3334.0,3
13/04/2024,Base,HIGHER,Higher,0.0046189932491436,3334.0,3
14/04/2024,Base,HIGHER,Higher,0.0046189932491436,3334.0,3
15/04/2024,Base,HIGHER,Higher,0.0046189932491436,3334.0,3
10/04/2024,Ethereum,MIND,MindCoin,4.955538468687505e-05,3340.0,3
11/04/2024,Ethereum,MIND,MindCoin,4.955538468687505e-05,3340.0,3
12/04/2024,Ethereum,MIND,MindCoin,4.955538468687505e-05,3340.0,3
13/04/2024,Ethereum,MIND,MindCoin,4.955538468687505e-05,3340.0,3
14/04/2024,Ethereum,MIND,MindCoin,4.955538468687505e-05,3340.0,3
15/04/2024,Ethereum,MIND,MindCoin,4.955538468687505e-05,3340.0,3
10/04/2024,Ethereum,4CHAN,4-CHAN,2.8162438829e-14,3341.0,3
11/04/2024,Ethereum,4CHAN,4-CHAN,2.8162438829e-14,3341.0,3
12/04/2024,Ethereum,4CHAN,4-CHAN,2.8162438829e-14,3341.0,3
13/04/2024,Ethereum,4CHAN,4-CHAN,2.8162438829e-14,3341.0,3
14/04/2024,Ethereum,4CHAN,4-CHAN,2.8162438829e-14,3341.0,3
15/04/2024,Ethereum,4CHAN,4-CHAN,2.8162438829e-14,3341.0,3
10/04/2024,BNB,EVO,Devomon,0.0006135451592459,3355.0,1
11/04/2024,BNB,EVO,Devomon,0.0006135451592459,3355.0,1
12/04/2024,BNB,EVO,Devomon,0.0006135451592459,3355.0,1
13/04/2024,BNB,EVO,Devomon,0.0006135451592459,3355.0,1
14/04/2024,BNB,EVO,Devomon,0.0006135451592459,3355.0,1
15/04/2024,BNB,EVO,Devomon,0.0006135451592459,3355.0,1
10/04/2024,Solana,LUCI,LUCI,0.0018355890993614,3398.0,3
11/04/2024,Solana,LUCI,LUCI,0.0018355890993614,3398.0,3
12/04/2024,Solana,LUCI,LUCI,0.0018355890993614,3398.0,3
13/04/2024,Solana,LUCI,LUCI,0.0018355890993614,3398.0,3
14/04/2024,Solana,LUCI,LUCI,0.0018355890993614,3398.0,3
15/04/2024,Solana,LUCI,LUCI,0.0018355890993614,3398.0,3
10/04/2024,Ethereum,CHMPZ,Chimpzee,0.0001117830876782,3414.0,3
11/04/2024,Ethereum,CHMPZ,Chimpzee,0.0001117830876782,3414.0,3
12/04/2024,Ethereum,CHMPZ,Chimpzee,0.0001117830876782,3414.0,3
13/04/2024,Ethereum,CHMPZ,Chimpzee,0.0001117830876782,3414.0,3
14/04/2024,Ethereum,CHMPZ,Chimpzee,0.0001117830876782,3414.0,3
15/04/2024,Ethereum,CHMPZ,Chimpzee,0.0001117830876782,3414.0,3
10/04/2024,Ethereum,EGG,JustAnEGG,0.0019306268781937,3424.0,3
11/04/2024,Ethereum,EGG,JustAnEGG,0.0019306268781937,3424.0,3
12/04/2024,Ethereum,EGG,JustAnEGG,0.0019306268781937,3424.0,3
13/04/2024,Ethereum,EGG,JustAnEGG,0.0019306268781937,3424.0,3
14/04/2024,Ethereum,EGG,JustAnEGG,0.0019306268781937,3424.0,3
15/04/2024,Ethereum,EGG,JustAnEGG,0.0019306268781937,3424.0,3
10/04/2024,Ethereum,BEL,Bellscoin,0.4871996180611797,3438.0,3
11/04/2024,Ethereum,BEL,Bellscoin,0.4871996180611797,3438.0,3
12/04/2024,Ethereum,BEL,Bellscoin,0.4871996180611797,3438.0,3
13/04/2024,Ethereum,BEL,Bellscoin,0.4871996180611797,3438.0,3
14/04/2024,Ethereum,BEL,Bellscoin,0.4871996180611797,3438.0,3
15/04/2024,Ethereum,BEL,Bellscoin,0.4871996180611797,3438.0,3
10/04/2024,Ethereum,RFD,RefundCoin,4.220678401644556e-06,3440.0,3
11/04/2024,Ethereum,RFD,RefundCoin,4.220678401644556e-06,3440.0,3
12/04/2024,Ethereum,RFD,RefundCoin,4.220678401644556e-06,3440.0,3
13/04/2024,Ethereum,RFD,RefundCoin,4.220678401644556e-06,3440.0,3
14/04/2024,Ethereum,RFD,RefundCoin,4.220678401644556e-06,3440.0,3
15/04/2024,Ethereum,RFD,RefundCoin,4.220678401644556e-06,3440.0,3
10/04/2024,Solana,BWULL,Bwull,0.000213768617254,3442.0,3
11/04/2024,Solana,BWULL,Bwull,0.000213768617254,3442.0,3
12/04/2024,Solana,BWULL,Bwull,0.000213768617254,3442.0,3
13/04/2024,Solana,BWULL,Bwull,0.000213768617254,3442.0,3
14/04/2024,Solana,BWULL,Bwull,0.000213768617254,3442.0,3
15/04/2024,Solana,BWULL,Bwull,0.000213768617254,3442.0,3
10/04/2024,no asociada a ningun blockchai,FEFE,FEFE,0.0045480615970558,3445.0,3
11/04/2024,no asociada a ningun blockchai,FEFE,FEFE,0.0045480615970558,3445.0,3
12/04/2024,no asociada a ningun blockchai,FEFE,FEFE,0.0045480615970558,3445.0,3
13/04/2024,no asociada a ningun blockchai,FEFE,FEFE,0.0045480615970558,3445.0,3
14/04/2024,no asociada a ningun blockchai,FEFE,FEFE,0.0045480615970558,3445.0,3
15/04/2024,no asociada a ningun blockchai,FEFE,FEFE,0.0045480615970558,3445.0,3
10/04/2024,BNB,MKT,MikeToken,4.10246379391775e-10,3452.0,3
11/04/2024,BNB,MKT,MikeToken,4.10246379391775e-10,3452.0,3
12/04/2024,BNB,MKT,MikeToken,4.10246379391775e-10,3452.0,3
13/04/2024,BNB,MKT,MikeToken,4.10246379391775e-10,3452.0,3
14/04/2024,BNB,MKT,MikeToken,4.10246379391775e-10,3452.0,3
15/04/2024,BNB,MKT,MikeToken,4.10246379391775e-10,3452.0,3
10/04/2024,Ethereum,WSB,Wall Street Baby,9.99879674032344e-09,3473.0,3
11/04/2024,Ethereum,WSB,Wall Street Baby,9.99879674032344e-09,3473.0,3
12/04/2024,Ethereum,WSB,Wall Street Baby,9.99879674032344e-09,3473.0,3
13/04/2024,Ethereum,WSB,Wall Street Baby,9.99879674032344e-09,3473.0,3
14/04/2024,Ethereum,WSB,Wall Street Baby,9.99879674032344e-09,3473.0,3
15/04/2024,Ethereum,WSB,Wall Street Baby,9.99879674032344e-09,3473.0,3
10/04/2024,Ethereum,TOAD,TOAD,0.0002653543011083,3487.0,3
11/04/2024,Ethereum,TOAD,TOAD,0.0002653543011083,3487.0,3
12/04/2024,Ethereum,TOAD,TOAD,0.0002653543011083,3487.0,3
13/04/2024,Ethereum,TOAD,TOAD,0.0002653543011083,3487.0,3
14/04/2024,Ethereum,TOAD,TOAD,0.0002653543011083,3487.0,3
15/04/2024,Ethereum,TOAD,TOAD,0.0002653543011083,3487.0,3
10/04/2024,Ethereum,APED,APED,0.249933935595815,3505.0,3
11/04/2024,Ethereum,APED,APED,0.249933935595815,3505.0,3
12/04/2024,Ethereum,APED,APED,0.249933935595815,3505.0,3
13/04/2024,Ethereum,APED,APED,0.249933935595815,3505.0,3
14/04/2024,Ethereum,APED,APED,0.249933935595815,3505.0,3
15/04/2024,Ethereum,APED,APED,0.249933935595815,3505.0,3
10/04/2024,Ethereum,STONKS,Stonks,0.0001205893353975,3507.0,3
11/04/2024,Ethereum,STONKS,Stonks,0.0001205893353975,3507.0,3
12/04/2024,Ethereum,STONKS,Stonks,0.0001205893353975,3507.0,3
13/04/2024,Ethereum,STONKS,Stonks,0.0001205893353975,3507.0,3
14/04/2024,Ethereum,STONKS,Stonks,0.0001205893353975,3507.0,3
15/04/2024,Ethereum,STONKS,Stonks,0.0001205893353975,3507.0,3
10/04/2024, Ethereum,BAI,Balance AI,2.6187648987510403,3526.0,0
11/04/2024, Ethereum,BAI,Balance AI,2.6187648987510403,3526.0,0
12/04/2024, Ethereum,BAI,Balance AI,2.6187648987510403,3526.0,0
13/04/2024, Ethereum,BAI,Balance AI,2.6187648987510403,3526.0,0
14/04/2024, Ethereum,BAI,Balance AI,2.6187648987510403,3526.0,0
15/04/2024, Ethereum,BAI,Balance AI,2.6187648987510403,3526.0,0
10/04/2024,Ethereum,DERP,Derp,1.855708008545047e-09,3580.0,3
11/04/2024,Ethereum,DERP,Derp,1.855708008545047e-09,3580.0,3
12/04/2024,Ethereum,DERP,Derp,1.855708008545047e-09,3580.0,3
13/04/2024,Ethereum,DERP,Derp,1.855708008545047e-09,3580.0,3
14/04/2024,Ethereum,DERP,Derp,1.855708008545047e-09,3580.0,3
15/04/2024,Ethereum,DERP,Derp,1.855708008545047e-09,3580.0,3
10/04/2024,Ethereum,MMVG,MEMEVENGERS,3.93734746255659e-10,3592.0,3
11/04/2024,Ethereum,MMVG,MEMEVENGERS,3.93734746255659e-10,3592.0,3
12/04/2024,Ethereum,MMVG,MEMEVENGERS,3.93734746255659e-10,3592.0,3
13/04/2024,Ethereum,MMVG,MEMEVENGERS,3.93734746255659e-10,3592.0,3
14/04/2024,Ethereum,MMVG,MEMEVENGERS,3.93734746255659e-10,3592.0,3
15/04/2024,Ethereum,MMVG,MEMEVENGERS,3.93734746255659e-10,3592.0,3
10/04/2024,Polygon,AMBO,Sheertopia,0.0049903178608482,3593.0,1
11/04/2024,Polygon,AMBO,Sheertopia,0.0049903178608482,3593.0,1
12/04/2024,Polygon,AMBO,Sheertopia,0.0049903178608482,3593.0,1
13/04/2024,Polygon,AMBO,Sheertopia,0.0049903178608482,3593.0,1
14/04/2024,Polygon,AMBO,Sheertopia,0.0049903178608482,3593.0,1
15/04/2024,Polygon,AMBO,Sheertopia,0.0049903178608482,3593.0,1
10/04/2024,BNB,THING,Thing,2.4893338641458986e-08,3641.0,3
11/04/2024,BNB,THING,Thing,2.4893338641458986e-08,3641.0,3
12/04/2024,BNB,THING,Thing,2.4893338641458986e-08,3641.0,3
13/04/2024,BNB,THING,Thing,2.4893338641458986e-08,3641.0,3
14/04/2024,BNB,THING,Thing,2.4893338641458986e-08,3641.0,3
15/04/2024,BNB,THING,Thing,2.4893338641458986e-08,3641.0,3
10/04/2024,Ethereum,CRAZY,Crazy Frog,0.0003131431389813,3659.0,3
11/04/2024,Ethereum,CRAZY,Crazy Frog,0.0003131431389813,3659.0,3
12/04/2024,Ethereum,CRAZY,Crazy Frog,0.0003131431389813,3659.0,3
13/04/2024,Ethereum,CRAZY,Crazy Frog,0.0003131431389813,3659.0,3
14/04/2024,Ethereum,CRAZY,Crazy Frog,0.0003131431389813,3659.0,3
15/04/2024,Ethereum,CRAZY,Crazy Frog,0.0003131431389813,3659.0,3
10/04/2024,Ethereum,INU,INU,6.533330984996809e-09,3667.0,3
11/04/2024,Ethereum,INU,INU,6.533330984996809e-09,3667.0,3
12/04/2024,Ethereum,INU,INU,6.533330984996809e-09,3667.0,3
13/04/2024,Ethereum,INU,INU,6.533330984996809e-09,3667.0,3
14/04/2024,Ethereum,INU,INU,6.533330984996809e-09,3667.0,3
15/04/2024,Ethereum,INU,INU,6.533330984996809e-09,3667.0,3
10/04/2024,Ethereum,SPURDO,spurdo,2.334269300014934e-09,3674.0,3
11/04/2024,Ethereum,SPURDO,spurdo,2.334269300014934e-09,3674.0,3
12/04/2024,Ethereum,SPURDO,spurdo,2.334269300014934e-09,3674.0,3
13/04/2024,Ethereum,SPURDO,spurdo,2.334269300014934e-09,3674.0,3
14/04/2024,Ethereum,SPURDO,spurdo,2.334269300014934e-09,3674.0,3
15/04/2024,Ethereum,SPURDO,spurdo,2.334269300014934e-09,3674.0,3
10/04/2024,Solana,GOME,Game of Memes,0.0012497811703838,3684.0,3
11/04/2024,Solana,GOME,Game of Memes,0.0012497811703838,3684.0,3
12/04/2024,Solana,GOME,Game of Memes,0.0012497811703838,3684.0,3
13/04/2024,Solana,GOME,Game of Memes,0.0012497811703838,3684.0,3
14/04/2024,Solana,GOME,Game of Memes,0.0012497811703838,3684.0,3
15/04/2024,Solana,GOME,Game of Memes,0.0012497811703838,3684.0,3
10/04/2024,Ethereum,STONKS,HarryPotterObamaWallStreetBets10Inu,0.0399199941809096,3692.0,3
11/04/2024,Ethereum,STONKS,HarryPotterObamaWallStreetBets10Inu,0.0399199941809096,3692.0,3
12/04/2024,Ethereum,STONKS,HarryPotterObamaWallStreetBets10Inu,0.0399199941809096,3692.0,3
13/04/2024,Ethereum,STONKS,HarryPotterObamaWallStreetBets10Inu,0.0399199941809096,3692.0,3
14/04/2024,Ethereum,STONKS,HarryPotterObamaWallStreetBets10Inu,0.0399199941809096,3692.0,3
15/04/2024,Ethereum,STONKS,HarryPotterObamaWallStreetBets10Inu,0.0399199941809096,3692.0,3
10/04/2024,BNB,TOM,TOMCoin,0.0004420256494344,3709.0,3
11/04/2024,BNB,TOM,TOMCoin,0.0004420256494344,3709.0,3
12/04/2024,BNB,TOM,TOMCoin,0.0004420256494344,3709.0,3
13/04/2024,BNB,TOM,TOMCoin,0.0004420256494344,3709.0,3
14/04/2024,BNB,TOM,TOMCoin,0.0004420256494344,3709.0,3
15/04/2024,BNB,TOM,TOMCoin,0.0004420256494344,3709.0,3
10/04/2024,BNB,Y8U,Y8U,0.0118465883714842,3712.0,0
11/04/2024,BNB,Y8U,Y8U,0.0118465883714842,3712.0,0
12/04/2024,BNB,Y8U,Y8U,0.0118465883714842,3712.0,0
13/04/2024,BNB,Y8U,Y8U,0.0118465883714842,3712.0,0
14/04/2024,BNB,Y8U,Y8U,0.0118465883714842,3712.0,0
15/04/2024,BNB,Y8U,Y8U,0.0118465883714842,3712.0,0
10/04/2024,Ethereum,GAUSS,Gauss0x,0.0021407073208559,3719.0,3
11/04/2024,Ethereum,GAUSS,Gauss0x,0.0021407073208559,3719.0,3
12/04/2024,Ethereum,GAUSS,Gauss0x,0.0021407073208559,3719.0,3
13/04/2024,Ethereum,GAUSS,Gauss0x,0.0021407073208559,3719.0,3
14/04/2024,Ethereum,GAUSS,Gauss0x,0.0021407073208559,3719.0,3
15/04/2024,Ethereum,GAUSS,Gauss0x,0.0021407073208559,3719.0,3
10/04/2024,BNB,HODL,HODL,3.6432718874718e-11,3743.0,3
11/04/2024,BNB,HODL,HODL,3.6432718874718e-11,3743.0,3
12/04/2024,BNB,HODL,HODL,3.6432718874718e-11,3743.0,3
13/04/2024,BNB,HODL,HODL,3.6432718874718e-11,3743.0,3
14/04/2024,BNB,HODL,HODL,3.6432718874718e-11,3743.0,3
15/04/2024,BNB,HODL,HODL,3.6432718874718e-11,3743.0,3
10/04/2024,Solana,EPEP,Epep,0.0004282677074123,3744.0,3
11/04/2024,Solana,EPEP,Epep,0.0004282677074123,3744.0,3
12/04/2024,Solana,EPEP,Epep,0.0004282677074123,3744.0,3
13/04/2024,Solana,EPEP,Epep,0.0004282677074123,3744.0,3
14/04/2024,Solana,EPEP,Epep,0.0004282677074123,3744.0,3
15/04/2024,Solana,EPEP,Epep,0.0004282677074123,3744.0,3
10/04/2024,Theta Network,POGS,POG,0.0028685507552707,3772.0,3
11/04/2024,Theta Network,POGS,POG,0.0028685507552707,3772.0,3
12/04/2024,Theta Network,POGS,POG,0.0028685507552707,3772.0,3
13/04/2024,Theta Network,POGS,POG,0.0028685507552707,3772.0,3
14/04/2024,Theta Network,POGS,POG,0.0028685507552707,3772.0,3
15/04/2024,Theta Network,POGS,POG,0.0028685507552707,3772.0,3
10/04/2024,AssetMantle,MNTL,AssetMantle,0.000976064566631,3779.0,2
11/04/2024,AssetMantle,MNTL,AssetMantle,0.000976064566631,3779.0,2
12/04/2024,AssetMantle,MNTL,AssetMantle,0.000976064566631,3779.0,2
13/04/2024,AssetMantle,MNTL,AssetMantle,0.000976064566631,3779.0,2
14/04/2024,AssetMantle,MNTL,AssetMantle,0.000976064566631,3779.0,2
15/04/2024,AssetMantle,MNTL,AssetMantle,0.000976064566631,3779.0,2
10/04/2024,Ethereum,ANDY,Andy (Base),0.0142186045086271,3791.0,3
11/04/2024,Ethereum,ANDY,Andy (Base),0.0142186045086271,3791.0,3
12/04/2024,Ethereum,ANDY,Andy (Base),0.0142186045086271,3791.0,3
13/04/2024,Ethereum,ANDY,Andy (Base),0.0142186045086271,3791.0,3
14/04/2024,Ethereum,ANDY,Andy (Base),0.0142186045086271,3791.0,3
15/04/2024,Ethereum,ANDY,Andy (Base),0.0142186045086271,3791.0,3
10/04/2024,Solana,WOLF,LANDWOLF (AVAX),6.441729547843445e-06,3793.0,3
11/04/2024,Solana,WOLF,LANDWOLF (AVAX),6.441729547843445e-06,3793.0,3
12/04/2024,Solana,WOLF,LANDWOLF (AVAX),6.441729547843445e-06,3793.0,3
13/04/2024,Solana,WOLF,LANDWOLF (AVAX),6.441729547843445e-06,3793.0,3
14/04/2024,Solana,WOLF,LANDWOLF (AVAX),6.441729547843445e-06,3793.0,3
15/04/2024,Solana,WOLF,LANDWOLF (AVAX),6.441729547843445e-06,3793.0,3
10/04/2024,Ethereum,SHIB,Shibwifhat,0.0025310530786218,3796.0,3
11/04/2024,Ethereum,SHIB,Shibwifhat,0.0025310530786218,3796.0,3
12/04/2024,Ethereum,SHIB,Shibwifhat,0.0025310530786218,3796.0,3
13/04/2024,Ethereum,SHIB,Shibwifhat,0.0025310530786218,3796.0,3
14/04/2024,Ethereum,SHIB,Shibwifhat,0.0025310530786218,3796.0,3
15/04/2024,Ethereum,SHIB,Shibwifhat,0.0025310530786218,3796.0,3
10/04/2024,Solana,SOBA,Sol Bastard,0.0012975591873184,3799.0,3
11/04/2024,Solana,SOBA,Sol Bastard,0.0012975591873184,3799.0,3
12/04/2024,Solana,SOBA,Sol Bastard,0.0012975591873184,3799.0,3
13/04/2024,Solana,SOBA,Sol Bastard,0.0012975591873184,3799.0,3
14/04/2024,Solana,SOBA,Sol Bastard,0.0012975591873184,3799.0,3
15/04/2024,Solana,SOBA,Sol Bastard,0.0012975591873184,3799.0,3
10/04/2024,Solana,$COFEEE,COFFEE,0.0076375056128863,3803.0,3
11/04/2024,Solana,$COFEEE,COFFEE,0.0076375056128863,3803.0,3
12/04/2024,Solana,$COFEEE,COFFEE,0.0076375056128863,3803.0,3
13/04/2024,Solana,$COFEEE,COFFEE,0.0076375056128863,3803.0,3
14/04/2024,Solana,$COFEEE,COFFEE,0.0076375056128863,3803.0,3
15/04/2024,Solana,$COFEEE,COFFEE,0.0076375056128863,3803.0,3
10/04/2024,Ethereum,DOMI,Domi Online,0.014051837286303,3873.0,1
11/04/2024,Ethereum,DOMI,Domi Online,0.014051837286303,3873.0,1
12/04/2024,Ethereum,DOMI,Domi Online,0.014051837286303,3873.0,1
13/04/2024,Ethereum,DOMI,Domi Online,0.014051837286303,3873.0,1
14/04/2024,Ethereum,DOMI,Domi Online,0.014051837286303,3873.0,1
15/04/2024,Ethereum,DOMI,Domi Online,0.014051837286303,3873.0,1
10/04/2024,Ethereum,BABYPEPE,Baby Pepe,3.4951397951091057e-06,3899.0,3
11/04/2024,Ethereum,BABYPEPE,Baby Pepe,3.4951397951091057e-06,3899.0,3
12/04/2024,Ethereum,BABYPEPE,Baby Pepe,3.4951397951091057e-06,3899.0,3
13/04/2024,Ethereum,BABYPEPE,Baby Pepe,3.4951397951091057e-06,3899.0,3
14/04/2024,Ethereum,BABYPEPE,Baby Pepe,3.4951397951091057e-06,3899.0,3
15/04/2024,Ethereum,BABYPEPE,Baby Pepe,3.4951397951091057e-06,3899.0,3
10/04/2024,Ethereum,SIMPSON,Homer,3.361959841568e-12,3972.0,3
11/04/2024,Ethereum,SIMPSON,Homer,3.361959841568e-12,3972.0,3
12/04/2024,Ethereum,SIMPSON,Homer,3.361959841568e-12,3972.0,3
13/04/2024,Ethereum,SIMPSON,Homer,3.361959841568e-12,3972.0,3
14/04/2024,Ethereum,SIMPSON,Homer,3.361959841568e-12,3972.0,3
15/04/2024,Ethereum,SIMPSON,Homer,3.361959841568e-12,3972.0,3
10/04/2024,Solana,JIZZUS,JIZZUS CHRIST,6.379497431879164e-07,4032.0,3
11/04/2024,Solana,JIZZUS,JIZZUS CHRIST,6.379497431879164e-07,4032.0,3
12/04/2024,Solana,JIZZUS,JIZZUS CHRIST,6.379497431879164e-07,4032.0,3
13/04/2024,Solana,JIZZUS,JIZZUS CHRIST,6.379497431879164e-07,4032.0,3
14/04/2024,Solana,JIZZUS,JIZZUS CHRIST,6.379497431879164e-07,4032.0,3
15/04/2024,Solana,JIZZUS,JIZZUS CHRIST,6.379497431879164e-07,4032.0,3
10/04/2024,Ethereum,$SPONGE,Sponge,0.0004918074201524,4055.0,3
11/04/2024,Ethereum,$SPONGE,Sponge,0.0004918074201524,4055.0,3
12/04/2024,Ethereum,$SPONGE,Sponge,0.0004918074201524,4055.0,3
13/04/2024,Ethereum,$SPONGE,Sponge,0.0004918074201524,4055.0,3
14/04/2024,Ethereum,$SPONGE,Sponge,0.0004918074201524,4055.0,3
15/04/2024,Ethereum,$SPONGE,Sponge,0.0004918074201524,4055.0,3
10/04/2024,Solana,WOLF,Landwolf,2.402516990174799e-06,4058.0,3
11/04/2024,Solana,WOLF,Landwolf,2.402516990174799e-06,4058.0,3
12/04/2024,Solana,WOLF,Landwolf,2.402516990174799e-06,4058.0,3
13/04/2024,Solana,WOLF,Landwolf,2.402516990174799e-06,4058.0,3
14/04/2024,Solana,WOLF,Landwolf,2.402516990174799e-06,4058.0,3
15/04/2024,Solana,WOLF,Landwolf,2.402516990174799e-06,4058.0,3
10/04/2024,BNB,BIBI,BIBI,1.087987837533614e-09,4067.0,3
11/04/2024,BNB,BIBI,BIBI,1.087987837533614e-09,4067.0,3
12/04/2024,BNB,BIBI,BIBI,1.087987837533614e-09,4067.0,3
13/04/2024,BNB,BIBI,BIBI,1.087987837533614e-09,4067.0,3
14/04/2024,BNB,BIBI,BIBI,1.087987837533614e-09,4067.0,3
15/04/2024,BNB,BIBI,BIBI,1.087987837533614e-09,4067.0,3
10/04/2024,Ethereum,PNDC,Pond Coin,1.3903099870224716e-07,4070.0,3
11/04/2024,Ethereum,PNDC,Pond Coin,1.3903099870224716e-07,4070.0,3
12/04/2024,Ethereum,PNDC,Pond Coin,1.3903099870224716e-07,4070.0,3
13/04/2024,Ethereum,PNDC,Pond Coin,1.3903099870224716e-07,4070.0,3
14/04/2024,Ethereum,PNDC,Pond Coin,1.3903099870224716e-07,4070.0,3
15/04/2024,Ethereum,PNDC,Pond Coin,1.3903099870224716e-07,4070.0,3
10/04/2024,TRON,FOFAR,Fofar (fofar.io),5.84701621422073e-06,4072.0,3
11/04/2024,TRON,FOFAR,Fofar (fofar.io),5.84701621422073e-06,4072.0,3
12/04/2024,TRON,FOFAR,Fofar (fofar.io),5.84701621422073e-06,4072.0,3
13/04/2024,TRON,FOFAR,Fofar (fofar.io),5.84701621422073e-06,4072.0,3
14/04/2024,TRON,FOFAR,Fofar (fofar.io),5.84701621422073e-06,4072.0,3
15/04/2024,TRON,FOFAR,Fofar (fofar.io),5.84701621422073e-06,4072.0,3
10/04/2024,BNB,BABYELON,Baby Elon,3.4395292046760002e-12,4079.0,3
11/04/2024,BNB,BABYELON,Baby Elon,3.4395292046760002e-12,4079.0,3
12/04/2024,BNB,BABYELON,Baby Elon,3.4395292046760002e-12,4079.0,3
13/04/2024,BNB,BABYELON,Baby Elon,3.4395292046760002e-12,4079.0,3
14/04/2024,BNB,BABYELON,Baby Elon,3.4395292046760002e-12,4079.0,3
15/04/2024,BNB,BABYELON,Baby Elon,3.4395292046760002e-12,4079.0,3
10/04/2024,Ethereum,KABOSU,KABOSU,9.46141167508798e-06,4083.0,3
11/04/2024,Ethereum,KABOSU,KABOSU,9.46141167508798e-06,4083.0,3
12/04/2024,Ethereum,KABOSU,KABOSU,9.46141167508798e-06,4083.0,3
13/04/2024,Ethereum,KABOSU,KABOSU,9.46141167508798e-06,4083.0,3
14/04/2024,Ethereum,KABOSU,KABOSU,9.46141167508798e-06,4083.0,3
15/04/2024,Ethereum,KABOSU,KABOSU,9.46141167508798e-06,4083.0,3
10/04/2024,BNB,AI,AI PIN,0.0215763508770058,4091.0,0
11/04/2024,BNB,AI,AI PIN,0.0215763508770058,4091.0,0
12/04/2024,BNB,AI,AI PIN,0.0215763508770058,4091.0,0
13/04/2024,BNB,AI,AI PIN,0.0215763508770058,4091.0,0
14/04/2024,BNB,AI,AI PIN,0.0215763508770058,4091.0,0
15/04/2024,BNB,AI,AI PIN,0.0215763508770058,4091.0,0
10/04/2024,Base,CTO,BaseCTO,0.0016550879328026,4105.0,3
11/04/2024,Base,CTO,BaseCTO,0.0016550879328026,4105.0,3
12/04/2024,Base,CTO,BaseCTO,0.0016550879328026,4105.0,3
13/04/2024,Base,CTO,BaseCTO,0.0016550879328026,4105.0,3
14/04/2024,Base,CTO,BaseCTO,0.0016550879328026,4105.0,3
15/04/2024,Base,CTO,BaseCTO,0.0016550879328026,4105.0,3
10/04/2024,Ethereum,FOX,Foxify,0.1572691406551565,4107.0,3
11/04/2024,Ethereum,FOX,Foxify,0.1572691406551565,4107.0,3
12/04/2024,Ethereum,FOX,Foxify,0.1572691406551565,4107.0,3
13/04/2024,Ethereum,FOX,Foxify,0.1572691406551565,4107.0,3
14/04/2024,Ethereum,FOX,Foxify,0.1572691406551565,4107.0,3
15/04/2024,Ethereum,FOX,Foxify,0.1572691406551565,4107.0,3
10/04/2024,Ethereum,JOKER,Joker,4.019434057257775e-09,4113.0,3
11/04/2024,Ethereum,JOKER,Joker,4.019434057257775e-09,4113.0,3
12/04/2024,Ethereum,JOKER,Joker,4.019434057257775e-09,4113.0,3
13/04/2024,Ethereum,JOKER,Joker,4.019434057257775e-09,4113.0,3
14/04/2024,Ethereum,JOKER,Joker,4.019434057257775e-09,4113.0,3
15/04/2024,Ethereum,JOKER,Joker,4.019434057257775e-09,4113.0,3
10/04/2024,BNB,CFT,CANNFINITY,0.0028051408256357,4122.0,3
11/04/2024,BNB,CFT,CANNFINITY,0.0028051408256357,4122.0,3
12/04/2024,BNB,CFT,CANNFINITY,0.0028051408256357,4122.0,3
13/04/2024,BNB,CFT,CANNFINITY,0.0028051408256357,4122.0,3
14/04/2024,BNB,CFT,CANNFINITY,0.0028051408256357,4122.0,3
15/04/2024,BNB,CFT,CANNFINITY,0.0028051408256357,4122.0,3
10/04/2024,Ethereum,PEPE,PEPE 0x69 ON BASE,5.631141266391286e-09,4134.0,3
11/04/2024,Ethereum,PEPE,PEPE 0x69 ON BASE,5.631141266391286e-09,4134.0,3
12/04/2024,Ethereum,PEPE,PEPE 0x69 ON BASE,5.631141266391286e-09,4134.0,3
13/04/2024,Ethereum,PEPE,PEPE 0x69 ON BASE,5.631141266391286e-09,4134.0,3
14/04/2024,Ethereum,PEPE,PEPE 0x69 ON BASE,5.631141266391286e-09,4134.0,3
15/04/2024,Ethereum,PEPE,PEPE 0x69 ON BASE,5.631141266391286e-09,4134.0,3
10/04/2024,Ethereum,PALAI,PaladinAI,0.0283616743522005,4135.0,0
11/04/2024,Ethereum,PALAI,PaladinAI,0.0283616743522005,4135.0,0
12/04/2024,Ethereum,PALAI,PaladinAI,0.0283616743522005,4135.0,0
13/04/2024,Ethereum,PALAI,PaladinAI,0.0283616743522005,4135.0,0
14/04/2024,Ethereum,PALAI,PaladinAI,0.0283616743522005,4135.0,0
15/04/2024,Ethereum,PALAI,PaladinAI,0.0283616743522005,4135.0,0
10/04/2024,Solana,HACK,HACK,0.0002998463541443,4142.0,3
11/04/2024,Solana,HACK,HACK,0.0002998463541443,4142.0,3
12/04/2024,Solana,HACK,HACK,0.0002998463541443,4142.0,3
13/04/2024,Solana,HACK,HACK,0.0002998463541443,4142.0,3
14/04/2024,Solana,HACK,HACK,0.0002998463541443,4142.0,3
15/04/2024,Solana,HACK,HACK,0.0002998463541443,4142.0,3
10/04/2024,Solana,PUCCA,PUCCA,0.001859102898448,4144.0,3
11/04/2024,Solana,PUCCA,PUCCA,0.001859102898448,4144.0,3
12/04/2024,Solana,PUCCA,PUCCA,0.001859102898448,4144.0,3
13/04/2024,Solana,PUCCA,PUCCA,0.001859102898448,4144.0,3
14/04/2024,Solana,PUCCA,PUCCA,0.001859102898448,4144.0,3
15/04/2024,Solana,PUCCA,PUCCA,0.001859102898448,4144.0,3
10/04/2024,Ethereum,DOGE,Department Of Government Efficiency (dogedepartment.com),7.975132785670604e-08,4158.0,3
11/04/2024,Ethereum,DOGE,Department Of Government Efficiency (dogedepartment.com),7.975132785670604e-08,4158.0,3
12/04/2024,Ethereum,DOGE,Department Of Government Efficiency (dogedepartment.com),7.975132785670604e-08,4158.0,3
13/04/2024,Ethereum,DOGE,Department Of Government Efficiency (dogedepartment.com),7.975132785670604e-08,4158.0,3
14/04/2024,Ethereum,DOGE,Department Of Government Efficiency (dogedepartment.com),7.975132785670604e-08,4158.0,3
15/04/2024,Ethereum,DOGE,Department Of Government Efficiency (dogedepartment.com),7.975132785670604e-08,4158.0,3
10/04/2024,BNB,FRTC,FART COIN,1.2193617322954326e-07,4181.0,3
11/04/2024,BNB,FRTC,FART COIN,1.2193617322954326e-07,4181.0,3
12/04/2024,BNB,FRTC,FART COIN,1.2193617322954326e-07,4181.0,3
13/04/2024,BNB,FRTC,FART COIN,1.2193617322954326e-07,4181.0,3
14/04/2024,BNB,FRTC,FART COIN,1.2193617322954326e-07,4181.0,3
15/04/2024,BNB,FRTC,FART COIN,1.2193617322954326e-07,4181.0,3
10/04/2024,Ethereum,DORKL,DORK LORD,0.0002731767381916,4193.0,3
11/04/2024,Ethereum,DORKL,DORK LORD,0.0002731767381916,4193.0,3
12/04/2024,Ethereum,DORKL,DORK LORD,0.0002731767381916,4193.0,3
13/04/2024,Ethereum,DORKL,DORK LORD,0.0002731767381916,4193.0,3
14/04/2024,Ethereum,DORKL,DORK LORD,0.0002731767381916,4193.0,3
15/04/2024,Ethereum,DORKL,DORK LORD,0.0002731767381916,4193.0,3
10/04/2024,Ethereum,LEOX,LEOX,0.2114813681407296,4207.0,2
11/04/2024,Ethereum,LEOX,LEOX,0.2114813681407296,4207.0,2
12/04/2024,Ethereum,LEOX,LEOX,0.2114813681407296,4207.0,2
13/04/2024,Ethereum,LEOX,LEOX,0.2114813681407296,4207.0,2
14/04/2024,Ethereum,LEOX,LEOX,0.2114813681407296,4207.0,2
15/04/2024,Ethereum,LEOX,LEOX,0.2114813681407296,4207.0,2
10/04/2024,Polygon,VDT,Vendetta,0.0207388323126745,4226.0,1
11/04/2024,Polygon,VDT,Vendetta,0.0207388323126745,4226.0,1
12/04/2024,Polygon,VDT,Vendetta,0.0207388323126745,4226.0,1
13/04/2024,Polygon,VDT,Vendetta,0.0207388323126745,4226.0,1
14/04/2024,Polygon,VDT,Vendetta,0.0207388323126745,4226.0,1
15/04/2024,Polygon,VDT,Vendetta,0.0207388323126745,4226.0,1
10/04/2024,Avalanche,NOCHILL,AVAX HAS NO CHILL,0.0048129451588776,4257.0,3
11/04/2024,Avalanche,NOCHILL,AVAX HAS NO CHILL,0.0048129451588776,4257.0,3
12/04/2024,Avalanche,NOCHILL,AVAX HAS NO CHILL,0.0048129451588776,4257.0,3
13/04/2024,Avalanche,NOCHILL,AVAX HAS NO CHILL,0.0048129451588776,4257.0,3
14/04/2024,Avalanche,NOCHILL,AVAX HAS NO CHILL,0.0048129451588776,4257.0,3
15/04/2024,Avalanche,NOCHILL,AVAX HAS NO CHILL,0.0048129451588776,4257.0,3
10/04/2024,Solana,RIZO,HahaYes,1.0359234192579546e-06,4296.0,3
11/04/2024,Solana,RIZO,HahaYes,1.0359234192579546e-06,4296.0,3
12/04/2024,Solana,RIZO,HahaYes,1.0359234192579546e-06,4296.0,3
13/04/2024,Solana,RIZO,HahaYes,1.0359234192579546e-06,4296.0,3
14/04/2024,Solana,RIZO,HahaYes,1.0359234192579546e-06,4296.0,3
15/04/2024,Solana,RIZO,HahaYes,1.0359234192579546e-06,4296.0,3
10/04/2024,BNB,FINE,Fine,3.283274258803807e-09,4298.0,3
11/04/2024,BNB,FINE,Fine,3.283274258803807e-09,4298.0,3
12/04/2024,BNB,FINE,Fine,3.283274258803807e-09,4298.0,3
13/04/2024,BNB,FINE,Fine,3.283274258803807e-09,4298.0,3
14/04/2024,BNB,FINE,Fine,3.283274258803807e-09,4298.0,3
15/04/2024,BNB,FINE,Fine,3.283274258803807e-09,4298.0,3
10/04/2024,Ethereum,PEPAY,PEPAY,2.4103257865706903e-10,4299.0,3
11/04/2024,Ethereum,PEPAY,PEPAY,2.4103257865706903e-10,4299.0,3
12/04/2024,Ethereum,PEPAY,PEPAY,2.4103257865706903e-10,4299.0,3
13/04/2024,Ethereum,PEPAY,PEPAY,2.4103257865706903e-10,4299.0,3
14/04/2024,Ethereum,PEPAY,PEPAY,2.4103257865706903e-10,4299.0,3
15/04/2024,Ethereum,PEPAY,PEPAY,2.4103257865706903e-10,4299.0,3
10/04/2024,Solana,PEDRO,Pedro The Raccoon,0.0034194587939876,4301.0,3
11/04/2024,Solana,PEDRO,Pedro The Raccoon,0.0034194587939876,4301.0,3
12/04/2024,Solana,PEDRO,Pedro The Raccoon,0.0034194587939876,4301.0,3
13/04/2024,Solana,PEDRO,Pedro The Raccoon,0.0034194587939876,4301.0,3
14/04/2024,Solana,PEDRO,Pedro The Raccoon,0.0034194587939876,4301.0,3
15/04/2024,Solana,PEDRO,Pedro The Raccoon,0.0034194587939876,4301.0,3
10/04/2024,BNB,PIG,Pigcoin,9.456289508992616e-07,4305.0,3
11/04/2024,BNB,PIG,Pigcoin,9.456289508992616e-07,4305.0,3
12/04/2024,BNB,PIG,Pigcoin,9.456289508992616e-07,4305.0,3
13/04/2024,BNB,PIG,Pigcoin,9.456289508992616e-07,4305.0,3
14/04/2024,BNB,PIG,Pigcoin,9.456289508992616e-07,4305.0,3
15/04/2024,BNB,PIG,Pigcoin,9.456289508992616e-07,4305.0,3
10/04/2024,Ethereum,WARPED,Warped Games,0.0011043626489318,4307.0,1
11/04/2024,Ethereum,WARPED,Warped Games,0.0011043626489318,4307.0,1
12/04/2024,Ethereum,WARPED,Warped Games,0.0011043626489318,4307.0,1
13/04/2024,Ethereum,WARPED,Warped Games,0.0011043626489318,4307.0,1
14/04/2024,Ethereum,WARPED,Warped Games,0.0011043626489318,4307.0,1
15/04/2024,Ethereum,WARPED,Warped Games,0.0011043626489318,4307.0,1
10/04/2024,Ethereum,DIP,Buy the DIP,0.0006559427369682,4327.0,3
11/04/2024,Ethereum,DIP,Buy the DIP,0.0006559427369682,4327.0,3
12/04/2024,Ethereum,DIP,Buy the DIP,0.0006559427369682,4327.0,3
13/04/2024,Ethereum,DIP,Buy the DIP,0.0006559427369682,4327.0,3
14/04/2024,Ethereum,DIP,Buy the DIP,0.0006559427369682,4327.0,3
15/04/2024,Ethereum,DIP,Buy the DIP,0.0006559427369682,4327.0,3
10/04/2024,Ethereum,PEIPEI,PeiPei (BSC),1.19194346605322e-09,4340.0,3
11/04/2024,Ethereum,PEIPEI,PeiPei (BSC),1.19194346605322e-09,4340.0,3
12/04/2024,Ethereum,PEIPEI,PeiPei (BSC),1.19194346605322e-09,4340.0,3
13/04/2024,Ethereum,PEIPEI,PeiPei (BSC),1.19194346605322e-09,4340.0,3
14/04/2024,Ethereum,PEIPEI,PeiPei (BSC),1.19194346605322e-09,4340.0,3
15/04/2024,Ethereum,PEIPEI,PeiPei (BSC),1.19194346605322e-09,4340.0,3
10/04/2024,Fantom,SPEEDY,Speedy,7.605179409764368e-07,4350.0,3
11/04/2024,Fantom,SPEEDY,Speedy,7.605179409764368e-07,4350.0,3
12/04/2024,Fantom,SPEEDY,Speedy,7.605179409764368e-07,4350.0,3
13/04/2024,Fantom,SPEEDY,Speedy,7.605179409764368e-07,4350.0,3
14/04/2024,Fantom,SPEEDY,Speedy,7.605179409764368e-07,4350.0,3
15/04/2024,Fantom,SPEEDY,Speedy,7.605179409764368e-07,4350.0,3
10/04/2024,Ethereum,MEMEME,MEMEME,3.0065264447321703e-06,4354.0,3
11/04/2024,Ethereum,MEMEME,MEMEME,3.0065264447321703e-06,4354.0,3
12/04/2024,Ethereum,MEMEME,MEMEME,3.0065264447321703e-06,4354.0,3
13/04/2024,Ethereum,MEMEME,MEMEME,3.0065264447321703e-06,4354.0,3
14/04/2024,Ethereum,MEMEME,MEMEME,3.0065264447321703e-06,4354.0,3
15/04/2024,Ethereum,MEMEME,MEMEME,3.0065264447321703e-06,4354.0,3
10/04/2024,Ethereum,RING,Ring AI,0.0396925185809925,4359.0,0
11/04/2024,Ethereum,RING,Ring AI,0.0396925185809925,4359.0,0
12/04/2024,Ethereum,RING,Ring AI,0.0396925185809925,4359.0,0
13/04/2024,Ethereum,RING,Ring AI,0.0396925185809925,4359.0,0
14/04/2024,Ethereum,RING,Ring AI,0.0396925185809925,4359.0,0
15/04/2024,Ethereum,RING,Ring AI,0.0396925185809925,4359.0,0
10/04/2024,Solana,HANK,Hank,0.0001778743249066,4368.0,3
11/04/2024,Solana,HANK,Hank,0.0001778743249066,4368.0,3
12/04/2024,Solana,HANK,Hank,0.0001778743249066,4368.0,3
13/04/2024,Solana,HANK,Hank,0.0001778743249066,4368.0,3
14/04/2024,Solana,HANK,Hank,0.0001778743249066,4368.0,3
15/04/2024,Solana,HANK,Hank,0.0001778743249066,4368.0,3
10/04/2024,BNB,BABYGROK,Baby Grok,6.816071407007e-12,4371.0,3
11/04/2024,BNB,BABYGROK,Baby Grok,6.816071407007e-12,4371.0,3
12/04/2024,BNB,BABYGROK,Baby Grok,6.816071407007e-12,4371.0,3
13/04/2024,BNB,BABYGROK,Baby Grok,6.816071407007e-12,4371.0,3
14/04/2024,BNB,BABYGROK,Baby Grok,6.816071407007e-12,4371.0,3
15/04/2024,BNB,BABYGROK,Baby Grok,6.816071407007e-12,4371.0,3
10/04/2024,Avalanche,TECH,NumberGoUpTech,3.479001148234376e-05,4396.0,3
11/04/2024,Avalanche,TECH,NumberGoUpTech,3.479001148234376e-05,4396.0,3
12/04/2024,Avalanche,TECH,NumberGoUpTech,3.479001148234376e-05,4396.0,3
13/04/2024,Avalanche,TECH,NumberGoUpTech,3.479001148234376e-05,4396.0,3
14/04/2024,Avalanche,TECH,NumberGoUpTech,3.479001148234376e-05,4396.0,3
15/04/2024,Avalanche,TECH,NumberGoUpTech,3.479001148234376e-05,4396.0,3
10/04/2024,Ethereum,ASTRA,AstraAI,1.2039777645059349,4409.0,0
11/04/2024,Ethereum,ASTRA,AstraAI,1.2039777645059349,4409.0,0
12/04/2024,Ethereum,ASTRA,AstraAI,1.2039777645059349,4409.0,0
13/04/2024,Ethereum,ASTRA,AstraAI,1.2039777645059349,4409.0,0
14/04/2024,Ethereum,ASTRA,AstraAI,1.2039777645059349,4409.0,0
15/04/2024,Ethereum,ASTRA,AstraAI,1.2039777645059349,4409.0,0
10/04/2024,BNB,MINAR,Miner Arena,0.0251414588841248,4418.0,1
11/04/2024,BNB,MINAR,Miner Arena,0.0251414588841248,4418.0,1
12/04/2024,BNB,MINAR,Miner Arena,0.0251414588841248,4418.0,1
13/04/2024,BNB,MINAR,Miner Arena,0.0251414588841248,4418.0,1
14/04/2024,BNB,MINAR,Miner Arena,0.0251414588841248,4418.0,1
15/04/2024,BNB,MINAR,Miner Arena,0.0251414588841248,4418.0,1
10/04/2024,Ethereum,FWOG,FWOG (ETH),2.82570375811807e-10,4419.0,3
11/04/2024,Ethereum,FWOG,FWOG (ETH),2.82570375811807e-10,4419.0,3
12/04/2024,Ethereum,FWOG,FWOG (ETH),2.82570375811807e-10,4419.0,3
13/04/2024,Ethereum,FWOG,FWOG (ETH),2.82570375811807e-10,4419.0,3
14/04/2024,Ethereum,FWOG,FWOG (ETH),2.82570375811807e-10,4419.0,3
15/04/2024,Ethereum,FWOG,FWOG (ETH),2.82570375811807e-10,4419.0,3
10/04/2024,BNB,TWIF,Tomwifhat,0.000416162186539,4470.0,3
11/04/2024,BNB,TWIF,Tomwifhat,0.000416162186539,4470.0,3
12/04/2024,BNB,TWIF,Tomwifhat,0.000416162186539,4470.0,3
13/04/2024,BNB,TWIF,Tomwifhat,0.000416162186539,4470.0,3
14/04/2024,BNB,TWIF,Tomwifhat,0.000416162186539,4470.0,3
15/04/2024,BNB,TWIF,Tomwifhat,0.000416162186539,4470.0,3
10/04/2024,Arbitrum,AICODE,AI CODE,0.7270199622730801,4501.0,3
11/04/2024,Arbitrum,AICODE,AI CODE,0.7270199622730801,4501.0,3
12/04/2024,Arbitrum,AICODE,AI CODE,0.7270199622730801,4501.0,3
13/04/2024,Arbitrum,AICODE,AI CODE,0.7270199622730801,4501.0,3
14/04/2024,Arbitrum,AICODE,AI CODE,0.7270199622730801,4501.0,3
15/04/2024,Arbitrum,AICODE,AI CODE,0.7270199622730801,4501.0,3
10/04/2024,BNB,WKC,Wiki Cat,1.0318955430586535e-08,4502.0,3
11/04/2024,BNB,WKC,Wiki Cat,1.0318955430586535e-08,4502.0,3
12/04/2024,BNB,WKC,Wiki Cat,1.0318955430586535e-08,4502.0,3
13/04/2024,BNB,WKC,Wiki Cat,1.0318955430586535e-08,4502.0,3
14/04/2024,BNB,WKC,Wiki Cat,1.0318955430586535e-08,4502.0,3
15/04/2024,BNB,WKC,Wiki Cat,1.0318955430586535e-08,4502.0,3
10/04/2024,Ethereum,PEPO,Peepo,9.097845462144006e-07,4542.0,3
11/04/2024,Ethereum,PEPO,Peepo,9.097845462144006e-07,4542.0,3
12/04/2024,Ethereum,PEPO,Peepo,9.097845462144006e-07,4542.0,3
13/04/2024,Ethereum,PEPO,Peepo,9.097845462144006e-07,4542.0,3
14/04/2024,Ethereum,PEPO,Peepo,9.097845462144006e-07,4542.0,3
15/04/2024,Ethereum,PEPO,Peepo,9.097845462144006e-07,4542.0,3
10/04/2024,Ethereum,CV,Crypto Villains,0.0003890225738235,4556.0,3
11/04/2024,Ethereum,CV,Crypto Villains,0.0003890225738235,4556.0,3
12/04/2024,Ethereum,CV,Crypto Villains,0.0003890225738235,4556.0,3
13/04/2024,Ethereum,CV,Crypto Villains,0.0003890225738235,4556.0,3
14/04/2024,Ethereum,CV,Crypto Villains,0.0003890225738235,4556.0,3
15/04/2024,Ethereum,CV,Crypto Villains,0.0003890225738235,4556.0,3
10/04/2024,Ethereum,PEPE,Pepe Coin,7.78378173051012e-10,4586.0,3
11/04/2024,Ethereum,PEPE,Pepe Coin,7.78378173051012e-10,4586.0,3
12/04/2024,Ethereum,PEPE,Pepe Coin,7.78378173051012e-10,4586.0,3
13/04/2024,Ethereum,PEPE,Pepe Coin,7.78378173051012e-10,4586.0,3
14/04/2024,Ethereum,PEPE,Pepe Coin,7.78378173051012e-10,4586.0,3
15/04/2024,Ethereum,PEPE,Pepe Coin,7.78378173051012e-10,4586.0,3
10/04/2024,Arbitrum,REKT,Rekt,3.46927875766583e-10,4605.0,3
11/04/2024,Arbitrum,REKT,Rekt,3.46927875766583e-10,4605.0,3
12/04/2024,Arbitrum,REKT,Rekt,3.46927875766583e-10,4605.0,3
13/04/2024,Arbitrum,REKT,Rekt,3.46927875766583e-10,4605.0,3
14/04/2024,Arbitrum,REKT,Rekt,3.46927875766583e-10,4605.0,3
15/04/2024,Arbitrum,REKT,Rekt,3.46927875766583e-10,4605.0,3
10/04/2024,Ethereum,STIMA,STIMA,1.0035859847168502,4610.0,2
11/04/2024,Ethereum,STIMA,STIMA,1.0035859847168502,4610.0,2
12/04/2024,Ethereum,STIMA,STIMA,1.0035859847168502,4610.0,2
13/04/2024,Ethereum,STIMA,STIMA,1.0035859847168502,4610.0,2
14/04/2024,Ethereum,STIMA,STIMA,1.0035859847168502,4610.0,2
15/04/2024,Ethereum,STIMA,STIMA,1.0035859847168502,4610.0,2
10/04/2024,Ethereum,PRE,pre,7.48224724870155e-05,4625.0,3
11/04/2024,Ethereum,PRE,pre,7.48224724870155e-05,4625.0,3
12/04/2024,Ethereum,PRE,pre,7.48224724870155e-05,4625.0,3
13/04/2024,Ethereum,PRE,pre,7.48224724870155e-05,4625.0,3
14/04/2024,Ethereum,PRE,pre,7.48224724870155e-05,4625.0,3
15/04/2024,Ethereum,PRE,pre,7.48224724870155e-05,4625.0,3
10/04/2024,BNB,BABYDOGE2.0,Babydoge 2.0,4.93239096777e-13,4630.0,3
11/04/2024,BNB,BABYDOGE2.0,Babydoge 2.0,4.93239096777e-13,4630.0,3
12/04/2024,BNB,BABYDOGE2.0,Babydoge 2.0,4.93239096777e-13,4630.0,3
13/04/2024,BNB,BABYDOGE2.0,Babydoge 2.0,4.93239096777e-13,4630.0,3
14/04/2024,BNB,BABYDOGE2.0,Babydoge 2.0,4.93239096777e-13,4630.0,3
15/04/2024,BNB,BABYDOGE2.0,Babydoge 2.0,4.93239096777e-13,4630.0,3
10/04/2024,BNB,CHEERS,DICAPRIO CHEERS,0.0005568064462395,4646.0,3
11/04/2024,BNB,CHEERS,DICAPRIO CHEERS,0.0005568064462395,4646.0,3
12/04/2024,BNB,CHEERS,DICAPRIO CHEERS,0.0005568064462395,4646.0,3
13/04/2024,BNB,CHEERS,DICAPRIO CHEERS,0.0005568064462395,4646.0,3
14/04/2024,BNB,CHEERS,DICAPRIO CHEERS,0.0005568064462395,4646.0,3
15/04/2024,BNB,CHEERS,DICAPRIO CHEERS,0.0005568064462395,4646.0,3
10/04/2024,Solana,MUZKI,Muzki,0.0002860831614742,4657.0,3
11/04/2024,Solana,MUZKI,Muzki,0.0002860831614742,4657.0,3
12/04/2024,Solana,MUZKI,Muzki,0.0002860831614742,4657.0,3
13/04/2024,Solana,MUZKI,Muzki,0.0002860831614742,4657.0,3
14/04/2024,Solana,MUZKI,Muzki,0.0002860831614742,4657.0,3
15/04/2024,Solana,MUZKI,Muzki,0.0002860831614742,4657.0,3
10/04/2024,BNB,LESBIAN,Lesbian Inu,2.09928338048468e-10,4678.0,3
11/04/2024,BNB,LESBIAN,Lesbian Inu,2.09928338048468e-10,4678.0,3
12/04/2024,BNB,LESBIAN,Lesbian Inu,2.09928338048468e-10,4678.0,3
13/04/2024,BNB,LESBIAN,Lesbian Inu,2.09928338048468e-10,4678.0,3
14/04/2024,BNB,LESBIAN,Lesbian Inu,2.09928338048468e-10,4678.0,3
15/04/2024,BNB,LESBIAN,Lesbian Inu,2.09928338048468e-10,4678.0,3
10/04/2024,Solana,CIRCLE,You Looked,0.0005290036984154,4723.0,3
11/04/2024,Solana,CIRCLE,You Looked,0.0005290036984154,4723.0,3
12/04/2024,Solana,CIRCLE,You Looked,0.0005290036984154,4723.0,3
13/04/2024,Solana,CIRCLE,You Looked,0.0005290036984154,4723.0,3
14/04/2024,Solana,CIRCLE,You Looked,0.0005290036984154,4723.0,3
15/04/2024,Solana,CIRCLE,You Looked,0.0005290036984154,4723.0,3
10/04/2024, Solana,D.O.G.E.,D.O.G.E.,1.252594904999e-12,4733.0,3
11/04/2024, Solana,D.O.G.E.,D.O.G.E.,1.252594904999e-12,4733.0,3
12/04/2024, Solana,D.O.G.E.,D.O.G.E.,1.252594904999e-12,4733.0,3
13/04/2024, Solana,D.O.G.E.,D.O.G.E.,1.252594904999e-12,4733.0,3
14/04/2024, Solana,D.O.G.E.,D.O.G.E.,1.252594904999e-12,4733.0,3
15/04/2024, Solana,D.O.G.E.,D.O.G.E.,1.252594904999e-12,4733.0,3
10/04/2024,Ethereum,WASD,WASD Studios,0.0010101378680415,4742.0,1
11/04/2024,Ethereum,WASD,WASD Studios,0.0010101378680415,4742.0,1
12/04/2024,Ethereum,WASD,WASD Studios,0.0010101378680415,4742.0,1
13/04/2024,Ethereum,WASD,WASD Studios,0.0010101378680415,4742.0,1
14/04/2024,Ethereum,WASD,WASD Studios,0.0010101378680415,4742.0,1
15/04/2024,Ethereum,WASD,WASD Studios,0.0010101378680415,4742.0,1
10/04/2024,zkSync,HOLD,Everybody Holds,6.440573330423465e-05,4754.0,3
11/04/2024,zkSync,HOLD,Everybody Holds,6.440573330423465e-05,4754.0,3
12/04/2024,zkSync,HOLD,Everybody Holds,6.440573330423465e-05,4754.0,3
13/04/2024,zkSync,HOLD,Everybody Holds,6.440573330423465e-05,4754.0,3
14/04/2024,zkSync,HOLD,Everybody Holds,6.440573330423465e-05,4754.0,3
15/04/2024,zkSync,HOLD,Everybody Holds,6.440573330423465e-05,4754.0,3
10/04/2024,Ethereum,HMT,Human,0.0358333402733353,4758.0,0
11/04/2024,Ethereum,HMT,Human,0.0358333402733353,4758.0,0
12/04/2024,Ethereum,HMT,Human,0.0358333402733353,4758.0,0
13/04/2024,Ethereum,HMT,Human,0.0358333402733353,4758.0,0
14/04/2024,Ethereum,HMT,Human,0.0358333402733353,4758.0,0
15/04/2024,Ethereum,HMT,Human,0.0358333402733353,4758.0,0
10/04/2024,Solana,GROK2,GROK 2,6.004869537037824e-05,4785.0,3
11/04/2024,Solana,GROK2,GROK 2,6.004869537037824e-05,4785.0,3
12/04/2024,Solana,GROK2,GROK 2,6.004869537037824e-05,4785.0,3
13/04/2024,Solana,GROK2,GROK 2,6.004869537037824e-05,4785.0,3
14/04/2024,Solana,GROK2,GROK 2,6.004869537037824e-05,4785.0,3
15/04/2024,Solana,GROK2,GROK 2,6.004869537037824e-05,4785.0,3
10/04/2024,BNB,CR,Crypto Rangers,2.6971565079747354e-05,4793.0,3
11/04/2024,BNB,CR,Crypto Rangers,2.6971565079747354e-05,4793.0,3
12/04/2024,BNB,CR,Crypto Rangers,2.6971565079747354e-05,4793.0,3
13/04/2024,BNB,CR,Crypto Rangers,2.6971565079747354e-05,4793.0,3
14/04/2024,BNB,CR,Crypto Rangers,2.6971565079747354e-05,4793.0,3
15/04/2024,BNB,CR,Crypto Rangers,2.6971565079747354e-05,4793.0,3
10/04/2024,No asociado a ningun blockchain,FREN,Frencoin,7.334658458844473e-07,4840.0,3
11/04/2024,No asociado a ningun blockchain,FREN,Frencoin,7.334658458844473e-07,4840.0,3
12/04/2024,No asociado a ningun blockchain,FREN,Frencoin,7.334658458844473e-07,4840.0,3
13/04/2024,No asociado a ningun blockchain,FREN,Frencoin,7.334658458844473e-07,4840.0,3
14/04/2024,No asociado a ningun blockchain,FREN,Frencoin,7.334658458844473e-07,4840.0,3
15/04/2024,No asociado a ningun blockchain,FREN,Frencoin,7.334658458844473e-07,4840.0,3
10/04/2024,Solana,NGMI,NGMI,0.0001521900232345,4869.0,3
11/04/2024,Solana,NGMI,NGMI,0.0001521900232345,4869.0,3
12/04/2024,Solana,NGMI,NGMI,0.0001521900232345,4869.0,3
13/04/2024,Solana,NGMI,NGMI,0.0001521900232345,4869.0,3
14/04/2024,Solana,NGMI,NGMI,0.0001521900232345,4869.0,3
15/04/2024,Solana,NGMI,NGMI,0.0001521900232345,4869.0,3
10/04/2024,MultiversX,BOBER,BOBER,0.0002688148933504,4870.0,3
11/04/2024,MultiversX,BOBER,BOBER,0.0002688148933504,4870.0,3
12/04/2024,MultiversX,BOBER,BOBER,0.0002688148933504,4870.0,3
13/04/2024,MultiversX,BOBER,BOBER,0.0002688148933504,4870.0,3
14/04/2024,MultiversX,BOBER,BOBER,0.0002688148933504,4870.0,3
15/04/2024,MultiversX,BOBER,BOBER,0.0002688148933504,4870.0,3
10/04/2024,Solana,SOLETF,SOL ETF,3.810153040572e-12,4905.0,3
11/04/2024,Solana,SOLETF,SOL ETF,3.810153040572e-12,4905.0,3
12/04/2024,Solana,SOLETF,SOL ETF,3.810153040572e-12,4905.0,3
13/04/2024,Solana,SOLETF,SOL ETF,3.810153040572e-12,4905.0,3
14/04/2024,Solana,SOLETF,SOL ETF,3.810153040572e-12,4905.0,3
15/04/2024,Solana,SOLETF,SOL ETF,3.810153040572e-12,4905.0,3
10/04/2024,Solana,LASOL,LamaSol,2.992427981310533e-05,4925.0,3
11/04/2024,Solana,LASOL,LamaSol,2.992427981310533e-05,4925.0,3
12/04/2024,Solana,LASOL,LamaSol,2.992427981310533e-05,4925.0,3
13/04/2024,Solana,LASOL,LamaSol,2.992427981310533e-05,4925.0,3
14/04/2024,Solana,LASOL,LamaSol,2.992427981310533e-05,4925.0,3
15/04/2024,Solana,LASOL,LamaSol,2.992427981310533e-05,4925.0,3
10/04/2024,Base,DUBBZ,Dubbz,0.4508466666672842,4945.0,1
11/04/2024,Base,DUBBZ,Dubbz,0.4508466666672842,4945.0,1
12/04/2024,Base,DUBBZ,Dubbz,0.4508466666672842,4945.0,1
13/04/2024,Base,DUBBZ,Dubbz,0.4508466666672842,4945.0,1
14/04/2024,Base,DUBBZ,Dubbz,0.4508466666672842,4945.0,1
15/04/2024,Base,DUBBZ,Dubbz,0.4508466666672842,4945.0,1
10/04/2024,Solana,BUL,bul,3.228262282068459e-07,4964.0,3
11/04/2024,Solana,BUL,bul,3.228262282068459e-07,4964.0,3
12/04/2024,Solana,BUL,bul,3.228262282068459e-07,4964.0,3
13/04/2024,Solana,BUL,bul,3.228262282068459e-07,4964.0,3
14/04/2024,Solana,BUL,bul,3.228262282068459e-07,4964.0,3
15/04/2024,Solana,BUL,bul,3.228262282068459e-07,4964.0,3
