name,symbol,quote,category,market_cap,price,volume_24h,circulating_supply,blockchain
Shiba Inu,SHIB,1.32114073804689e-05,memes,7785079997.71647,1.32114073804689e-05,119895360.971143,589269543623759.0,Ethereum
Pepe,PEPE,7.263539155071302e-06,memes,3055697560.792993,7.263539155071302e-06,340676763.1714609,420689899999994.8,Ethereum
Bittensor,TAO,297.58537052077827,ai-big-data,2196458574.350151,297.58537052077827,68993165.56473702,7380936.0,No asociado a ningun blockchain
dogwifhat,WIF,1.4866423383770628,memes,1484926037.6552255,1.4866423383770628,164348472.99944863,998845518.73875,Solana
The Graph,GRT,0.1407584459120392,ai-big-data,1344036455.9722705,0.1407584459120392,28494513.67167933,9548531509.165474,Ethereum
Bonk,BONK,1.6354030443238323e-05,memes,1151311041.246185,1.6354030443238323e-05,62601722.03688308,70399223313308.8,Ethereum
FLOKI,FLOKI,0.0001194266405237,gaming,1144731706.638935,0.0001194266405237,104380745.03445868,9585229071324.57,Ethereum
Notcoin,NOT,0.0074376951799974,gaming,762173522.0814301,0.0074376951799974,76770402.21550035,102474423008.2429,Toncoin
Brett (Based),BRETT,0.0754369054465675,memes,747597565.882747,0.0754369054465675,10601014.32365855,9910236395.0,Base
Beam,BEAM,0.0146089529940411,gaming,722646529.6933571,0.0146089529940411,18495241.69518827,49466004168.0,Ethereum
Popcat (SOL),POPCAT,0.6767964314199264,memes,663242354.2245008,0.6767964314199264,80782728.64006908,979973184.6,Solana
BinaryX,BNX,1.4383421657739286,gaming,537526091.3517569,1.4383421657739286,6819468.46803363,373712252.99685925,BNB
DOGS,DOGS,0.0010216081361553,memes,527916004.3582835,0.0010216081361553,272464426.4847043,516750000000.0,Toncoin
BOOK OF MEME,BOME,0.0059806254728243,memes,412434474.9824712,0.0059806254728243,67820520.71212955,68961762754.84071,Solana
cat in a dogs world,MEW,0.0040655278699225,memes,361380255.1006116,0.0040655278699225,25858244.12331865,88888888888.0,Solana
Mog Coin,MOG,9.038424301412358e-07,memes,325787912.7645396,9.038424301412358e-07,13701034.61883355,360447686344655.8,Ethereum
Echelon Prime,PRIME,8.14652121164161,ai-big-data,291432354.52839434,8.14652121164161,3630773.70450193,35773841.0,Ethereum
io.net,IO,1.7041830070039985,ai-big-data,204990778.4691108,1.7041830070039985,34776926.18909656,120286834.0,Solana
Polymesh,POLYX,0.2143229080109543,real-world-assets,188096901.58858147,0.2143229080109543,7427307.3626875,877633209.320618,Polkadot
SUNDOG,SUNDOG,0.3282669668458272,memes,327443924.0889405,0.3282669668458272,173464237.97542393,997492764.0,TRON
PepeCoin,PEPECOIN,2.28678379560484,memes,267626726.85439697,2.28678379560484,3829603.11729257,117031932.5197122,Ethereum
Aethir,ATH,0.0574054681346554,ai-big-data,232877540.0241117,0.0574054681346554,79334511.78868616,4056713543.0,Ethereum
Simon's Cat,CAT,3.319695973375353e-05,memes,224077995.3005764,3.319695973375353e-05,81161791.3574177,6749955330178.672,BNB
Dog (Runes),DOG,0.0020753250603741,memes,207532506.03741908,0.0020753250603741,5562789.75482884,100000000000.0,Bitcoin
Qubic,QUBIC,1.7509568971799228e-06,ai-big-data,195553692.5306081,1.7509568971799228e-06,916668.84312073,111683898584577.0,No asociado a ningun blockchain
Osaka Protocol,OSAK,2.48680318660674e-07,memes,186726525.87524047,2.48680318660674e-07,225260.28590573,750869738630302.0,Ethereum
Creditcoin,CTC,0.4113713051005728,real-world-assets,153065373.43631935,0.4113713051005728,4421985.10824925,372085684.0,Ethereum
Destra Network,DSYNC,0.1542945111792535,ai-big-data,149281897.18077752,0.1542945111792535,543423.07697434,967512687.5209932,Ethereum
Gigachad,GIGA,0.0159536047226728,memes,148407002.2286444,0.0159536047226728,2752120.04461118,9302411888.0,Solana
Casper,CSPR,0.0118688452014697,ai-big-data,146013182.67604083,0.0118688452014697,7322683.07706669,12302223190.0,No asociado a ningun blockchain
Ponke,PONKE,0.2375131848260123,memes,131949078.428962,0.2375131848260123,8307074.28304307,555544226.0,Solana
PAAL AI,PAAL,0.1597794319939111,ai-big-data,130943731.6782034,0.1597794319939111,2505942.45103503,819528083.459412,Ethereum
Ozone Chain,OZO,0.2383449806935739,ai-big-data,129445153.05605549,0.2383449806935739,159904.89728621,543099975.0,Ethereum
Neiro Ethereum,NEIRO,0.1265436999695645,memes,126543699.96956453,0.1265436999695645,43818781.4475271,1000000000.0,Ethereum
WHY,WHY,2.681491110489884e-07,memes,112622626.64057513,2.681491110489884e-07,4601854.29026821,420000000000000.0,BNB
inSure DeFi,SURE,0.0041076968245654,ai-big-data,110045457.4323883,0.0041076968245654,429496.50511449,26790063174.642704,Ethereum
0x0.ai,0x0,0.1257507618277028,ai-big-data,109222516.16195168,0.1257507618277028,170715.17403087,868563455.0,Ethereum
Non-Playable Coin,NPC,0.0144978856781416,memes,105091785.58312269,0.0144978856781416,2102567.11847777,7248766331.601632,Ethereum
Marlin,POND,0.0122760756202018,ai-big-data,99281239.0626558,0.0122760756202018,2913555.56054979,8087375977.0,Ethereum
Zentry,ZENT,0.0169138701987166,gaming,99101389.59114364,0.0169138701987166,3694997.39561945,5859178793.902713,Ethereum
MAGA,TRUMP,2.204026396379697,memes,96971336.19894104,2.204026396379697,1469833.04005855,43997357.0,Ethereum
Coq Inu,COQ,1.375866224268809e-06,memes,95512633.28874072,1.375866224268809e-06,2140203.99784541,69420000000000.0,Avalanche
Bone ShibaSwap,BONE,0.3894812521771228,memes,89550834.50535904,0.3894812521771228,2721702.94257148,229923350.6228802,Ethereum
Nosana,NOS,1.835632349082689,ai-big-data,88473193.02425052,1.835632349082689,889697.5703831,48197665.0,Solana
Treasure,MAGIC,0.3272799411278989,gaming,87323610.68931821,0.3272799411278989,8192478.10431937,266816262.519409,Arbitrum
Solidus Ai Tech,AITECH,0.0849956928831674,ai-big-data,85162437.51846129,0.0849956928831674,4255496.22073911,1001961801.0,BNB
HarryPotterObamaSonic10Inu (ERC-20),BITCOIN,0.0834058022906546,memes,83388967.24649128,0.0834058022906546,1787210.31418131,999798155.0,Ethereum
dKargo,DKA,0.0189796221363513,ai-big-data,81224874.56136718,0.0189796221363513,1400428.29169025,4279583333.0,Ethereum
Sleepless AI,AI,0.3718655186179141,ai-big-data,80880750.29939634,0.3718655186179141,11529881.47456704,217500000.0,BNB
Fusionist,ACE,2.140950843758775,gaming,79978830.55268246,2.140950843758775,7572619.45954408,37356687.0,BNB
Mumu the Bull,MUMU,3.4340494935618456e-05,memes,78406369.71845508,3.4340494935618456e-05,1725370.61150164,2283204416985.0,Solana
Phala Network,PHA,0.1030979387267303,ai-big-data,77346572.27556355,0.1030979387267303,3977534.99871803,750224235.6229556,Ethereum
PepeFork,PORK,1.750175851132885e-07,memes,73628147.88130933,1.750175851132885e-07,1502771.37835786,420690000000000.0,Ethereum
Portal,PORTAL,0.2546060712835861,gaming,71489318.72695184,0.2546060712835861,6820522.57662589,280784029.8801256,Ethereum
Seedify.fund,SFUND,1.0939457285226546,gaming,67944588.50542855,1.0939457285226546,2411237.80752105,62109652.0,BNB
Dogelon Mars,ELON,1.2166437014011501e-07,memes,66873158.07723511,1.2166437014011501e-07,1174743.77588854,549652770159583.3,Ethereum
ANDY (ETH),ANDY,6.604122913297099e-05,memes,66041229.132971,6.604122913297099e-05,1631710.2008521,1000000000000.0,Ethereum
SLERF,SLERF,0.1306937172970346,memes,65346564.58765338,0.1306937172970346,8281385.3477648,499997750.0,Solana
Goldfinch,GFI,2.202558864443663,real-world-assets,64172182.88791313,2.202558864443663,444101.39260993,29135286.2,Ethereum
NetMind Token,NMT,1.867369705941572,ai-big-data,62463905.0766444,1.867369705941572,6346332.62544594,33450208.0,Ethereum
Node AI,GPU,0.646453215401507,ai-big-data,61458252.94096728,0.646453215401507,967663.19039299,95069916.08479516,Ethereum
michi (SOL),$MICHI,0.1108629759862891,memes,61614252.6369949,0.1108629759862891,3791274.20160609,555769426.978173,Solana
Myro,MYRO,0.06417964234784,memes,60598663.15016617,0.06417964234784,9686580.86857012,944203815.0,Solana
ShibaBitcoin,SHIBTC,0.69749846672472,memes,60306467.94136949,0.69749846672472,2021238.94524724,86461076.0,BNB
Wen,WEN,8.229629733436184e-05,memes,59888410.60182671,8.229629733436184e-05,4693088.00054002,727716951329.0,Solana
NFPrompt,NFP,0.2037905132478744,ai-big-data,59682005.96024652,0.2037905132478744,5424900.46157536,292859589.0410959,BNB
Apu Apustaja,APU,0.0001848210927979,memes,58837150.11592152,0.0001848210927979,7672160.89044012,318346511348.8945,Ethereum
Undeads Games,UDS,1.3328845587786988,gaming,58046851.172845006,1.3328845587786988,650476.05759424,43549796.41,Ethereum
Milady Meme Coin,LADYS,7.774273350006814e-08,memes,57091622.035636656,7.774273350006814e-08,3501872.99715865,734366023232083.0,Ethereum
BOBO,BOBO,8.050016844903851e-07,memes,53238339.075323015,8.050016844903851e-07,2706404.30753122,66134444313649.0,Ethereum
Kendu Inu,KENDU,5.455563969911017e-05,memes,51742104.28230205,5.455563969911017e-05,482313.00930881,948428147258.0,Ethereum
MARBLEX,MBX,0.3689884054718265,gaming,51561875.61460701,0.3689884054718265,864872.84896178,139738471.04673845,Klaytn
PlatON,LAT,0.0083556238663926,ai-big-data,50067413.75601921,0.0083556238663926,6585299.84218344,5992061700.790118,No asociado a ningun blockchain
Snek,SNEK,0.000671706205677,memes,49192634.40224095,0.000671706205677,606205.33881127,73235343051.0,Cardano
GamerCoin,GHX,0.071670595219661,gaming,46583387.26292781,0.071670595219661,1578399.62638783,649965123.3557609,Ethereum
Daddy Tate,DADDY,0.0725040345648567,memes,43479823.33576129,0.0725040345648567,2250404.41244794,599688329.024883,Solana
PeiPei (ETH),PEIPEI,1.0535437086873893e-07,memes,43317117.91528528,1.0535437086873893e-07,2361853.15347239,411156343662799.7,Ethereum
HashAI,HASHAI,0.0005090405637926,ai-big-data,43046922.98552993,0.0005090405637926,213155.95414235,84564818695.0,Ethereum
MANEKI,MANEKI,0.0049050818071834,memes,41314950.82753968,0.0049050818071834,8862991.96466553,8422887212.0,Solana
Degen,DEGEN,0.0029174654856429,memes,41368519.50439944,0.0029174654856429,4997975.63364507,14179608879.0,Base
Toshi,TOSHI,9.88604607441902e-05,memes,40341919.01355917,9.88604607441902e-05,1485556.05076522,408069300000.0,Base
Cate,CATE,0.0402594639950662,memes,40259463.995066285,0.0402594639950662,16401742.64386302,1000000000.0,Ethereum
ArbDoge AI,AIDOGE,2.28378205409721e-10,memes,39841924.66497836,2.28378205409721e-10,3820466.31100445,1.74455896934211e+17,Arbitrum
Matr1x,MAX,0.3035767801674029,gaming,39622841.34744944,0.3035767801674029,17103234.07791157,130520000.0,Ethereum
Ultiverse,ULTI,0.0174813845563782,gaming,39158301.40628732,0.0174813845563782,3663529.10158393,2240000000.0,BNB
Dimitra,DMTR,0.0798514399957267,ai-big-data,38847979.60635088,0.0798514399957267,299155.47876356,486503181.51344335,Ethereum
RETARDIO,RETARDIO,0.0340535711722508,memes,33225090.86339752,0.0340535711722508,763977.93343127,975671265.0,Solana
KARRAT,KARRAT,0.2794014760806557,gaming,32518315.140168183,0.2794014760806557,676723.26942721,116385624.0,Ethereum
PaLM AI,PALM,0.4126516932851811,ai-big-data,31897975.890944503,0.4126516932851811,257747.08830047,77300000.0,Ethereum
GameFi.org,GAFI,2.913461423060751,gaming,31888019.356050324,2.913461423060751,48445.73774573,10945063.1828,BNB
Verasity,VRA,0.0028646190565186,ai-big-data,28447141.4644585,0.0028646190565186,7999390.23826711,9930514635.0,Ethereum
Virtuals Protocol,VIRTUAL,0.0281617543056432,ai-big-data,28161754.30564322,0.0281617543056432,854003.48716906,1000000000.0,Ethereum
crow with knife,CAW,3.6354036048210807e-08,memes,27987569.005259745,3.6354036048210807e-08,224329.14311693,769861397731578.0,Cronos
SIDUS,SIDUS,0.0029562471036806,ai-big-data,27661216.4225508,0.0029562471036806,575649.78692725,9356868845.0,Ethereum
PlayDapp,PDA,0.0457924138244856,gaming,27558354.63565718,0.0457924138244856,1914579.77977949,601810482.0,Ethereum
Doge Killer,LEASH,254.4839811822744,memes,27070231.05865089,254.4839811822744,890229.05475994,106373.02565328,Ethereum
Sentinel Protocol,UPP,0.0536691257946596,ai-big-data,26718358.52152429,0.0536691257946596,1108875.39304269,497834800.2862929,Ethereum
LinqAI,LNQ,0.1387265980358297,ai-big-data,26556995.70643809,0.1387265980358297,3066976.35706419,191434058.66248563,Ethereum
MAGA,MAGA,6.647961942879175e-05,memes,25944262.87414368,6.647961942879175e-05,8093496.20384463,390258895840.0,Ethereum
FEED EVERY GORILLA,FEG,0.0003170869093388,memes,25538664.46661766,0.0003170869093388,275654.06399565,80541528882.0,BNB
Grok,GROK,0.0039099577985949,memes,24713759.39893179,0.0039099577985949,6075337.61617816,6320722798.545914,Ethereum
Samoyedcoin,SAMO,0.006437845618717,memes,23544067.10543513,0.006437845618717,756350.19258262,3657134467.0,Solana
The Root Network,ROOT,0.0226045224253517,gaming,23484421.047077045,0.0226045224253517,4359395.37260323,1038925778.0,Ethereum
catwifhat,CWIF,6.925035616765999e-07,memes,23478001.57314369,6.925035616765999e-07,258723.87221002,33903076998336.0,Solana
SingularityDAO,SDAO,0.2837788524256913,ai-big-data,23477933.62051369,0.2837788524256913,325339.21807267,82733203.76,Ethereum
GameStop,GME,0.0033915232851856,gaming,23351364.34383844,0.0033915232851856,8879701.51837763,6885214218.0,Solana
SPX6900,SPX,0.0248894581112729,memes,23171913.51718184,0.0248894581112729,2469588.46041648,930993090.07,Ethereum
Kishu Inu,KISHU,2.35391767840213e-10,memes,21923470.55108149,2.35391767840213e-10,329067.24376211,9.313609712113394e+16,Ethereum
Moon Tropica,CAH,9.73951312547915,gaming,21780171.27760213,9.73951312547915,107582.93540965,2236269.0,Ethereum
PUPS (Ordinals),PUPS,2.7411525401389323,memes,21298755.236879505,2.7411525401389323,196284.00926621,7770000.0,Ethereum
Hoppy,HOPPY,5.060803004625958e-05,memes,21290292.160160944,5.060803004625958e-05,2168725.93003918,420690000000.0,Ethereum
ZTX,ZTX,0.0057978507356986,gaming,21075975.57249784,0.0057978507356986,6192638.39415244,3635135938.0,Arbitrum
Vectorspace AI,VXV,0.4242482988659888,ai-big-data,21007525.977233768,0.4242482988659888,60969.63831533,49517054.12464035,Ethereum
Nexera,NXRA,0.0254602144105104,real-world-assets,20895546.8669227,0.0254602144105104,69253.26092528,820713703.7422844,Ethereum
Swarm Markets,SMT,0.254283344672192,real-world-assets,20804414.342281982,0.254283344672192,155521.50736507,81815875.0,Ethereum
Guild of Guardians,GOG,0.0319856978756395,gaming,20515114.887818582,0.0319856978756395,86678.8819815,641384001.299,Ethereum
MUNCAT,MUNCAT,0.0198502958530731,memes,19850295.853073195,0.0198502958530731,4012250.28263137,1000000000.0,TRON
ELYSIA,EL,0.0047926546972664,real-world-assets,19222042.93875386,0.0047926546972664,2303483.84322102,4010729784.0,Ethereum
OORT,OORT,0.0892393177764806,ai-big-data,18950858.9702172,0.0892393177764806,468136.66762472,212359971.3938172,BNB
8-Bit Coin,COIN,0.0006248509819717,memes,18745529.459153995,0.0006248509819717,70006.37421372,30000000000.0,Solana
Cere Network,CERE,0.0026336152629195,ai-big-data,18277089.643488284,0.0026336152629195,309866.21424294,6939923952.0,Ethereum
Agoras: Currency of Tau,AGRS,1.0136033344825923,ai-big-data,18244860.02068666,1.0136033344825923,182686.76925598,18000000.0,Ethereum
MON Protocol,MON,0.1365243425847326,gaming,18148049.06328391,0.1365243425847326,3374509.48063636,132929034.63,Ethereum
Ginnan The Cat,GINNAN,2.601234520900771e-06,memes,17948513.933884807,2.601234520900771e-06,4661738.83168748,6899998362189.0,Solana
Billy,BILLY,0.0187776796543507,memes,17578493.0355205,0.0187776796543507,5460619.93339267,936137657.0,Solana
GT Protocol,GTAI,0.4851615521586548,ai-big-data,17337706.341933977,0.4851615521586548,6263105.05466138,35735944.58339167,BNB
Foxsy AI,FOXSY,0.084154991205303,memes,17103724.791134067,0.084154991205303,1604144.78508783,203240765.0,MultiversX
LandWolf (SOL),WOLF,0.0016308459371494,memes,16308203.62927738,0.0016308459371494,469548.58565106,9999843184.318316,Solana
Invest Zone,IVfun,0.017035235186247,memes,16016850.19026589,0.017035235186247,3137769.22689861,940218906.0,TRON
Smog,SMOG,0.0200747749157784,memes,15638249.016998604,0.0200747749157784,198450.09027421,778999968.0,Solana
BOB (ETH),BOB,2.2398217734158643e-05,memes,15435231.07076268,2.2398217734158643e-05,1939543.42372496,689127646403.0,Ethereum
Commune AI,COMAI,0.1520999925305022,ai-big-data,15321923.62633837,0.1520999925305022,34086.01368651,100735860.4785316,Ethereum
NuNet,NTX,0.0301018803723324,ai-big-data,15173896.283357255,0.0301018803723324,85192.89329475,504084665.0,Ethereum
Hege,HEGE,0.0150825595225905,memes,15080333.289596638,0.0150825595225905,681073.82746058,999852396.87,Solana
Botto,BOTTO,0.3142682887564575,ai-big-data,14929116.614540605,0.3142682887564575,8455.28054483,47504368.55596951,Ethereum
First Neiro On Ethereum,NEIRO,3.513405298259707e-05,memes,14517289.264297295,3.513405298259707e-05,4652302.04347643,413197113110.9791,Ethereum
AIT Protocol,AIT,0.0634296084857496,ai-big-data,14386459.966543645,0.0634296084857496,1229295.21437535,226809849.68992475,Ethereum
Zero1 Labs,DEAI,0.1541981617538722,ai-big-data,14066148.137701448,0.1541981617538722,1291788.77432708,91221244.0,Ethereum
Brickken,BKN,0.2238908263830115,real-world-assets,13985530.356836962,0.2238908263830115,932988.62978643,62465848.1223872,Ethereum
zKML,ZKML,0.1481328382233122,ai-big-data,13831400.162554154,0.1481328382233122,54827.55389983,93371600.30447224,Ethereum
Katana Inu,KATA,0.0004978163938408,gaming,13553702.473129729,0.0004978163938408,335887.44755938,27226308014.0,Ethereum
Apeiron,APRS,0.1532896424360772,ai-big-data,13432896.144442389,0.1532896424360772,4246251.52415558,87630814.0,Ethereum
Basenji,BENJI,0.0144725805669589,memes,13344368.667426148,0.0144725805669589,1740620.7071186,922044870.0,Base
PAW,PAW,1.3765935180781664e-08,memes,13049535.669851676,1.3765935180781664e-08,290291.86664351,947958529404516.0,Ethereum
QnA3.AI,GPT,0.0836116718281494,ai-big-data,12855289.526877657,0.0836116718281494,1461734.57335548,153749939.99999988,BNB
Wrapped Dog,WDOG,0.0128431570611589,memes,12843137.01299077,0.0128431570611589,3077673.39857104,999998439.0,Solana
Pitbull,PIT,3.17682125902238e-10,memes,12768330.218262283,3.17682125902238e-10,261865.16807149,4.019215806366e+16,BNB
Pepe 2.0,PEPE2.0,2.6962306555249144e-08,memes,12645321.774411846,2.6962306555249144e-08,1079013.52995819,469000000000000.0,Ethereum
Troll,TROLL,1.2875240232728905e-08,memes,12365638.224317493,1.2875240232728905e-08,1389652.95117102,960420000000000.0,Ethereum
Brainlet,BRAINLET,0.0127258429621879,memes,12126526.272564746,0.0127258429621879,3049763.38618125,952905541.0,Solana
Ben the Dog,BENDOG,0.0120109546645333,gaming,12008323.63368558,0.0120109546645333,1151198.40604201,999780947.4,Solana
Credefi,CREDI,0.0159759866767142,real-world-assets,11959206.333416265,0.0159759866767142,443243.99756038,748573880.0,Ethereum
DUKO,DUKO,0.0012318677264357,memes,11904715.493776642,0.0012318677264357,897922.24664655,9663955990.0,Solana
Jesus Coin,JESUS,7.728259712031147e-08,memes,11702632.206909047,7.728259712031147e-08,139260.71594901,151426487242538.0,Ethereum
SPECTRE AI,SPECTRE,1.2327767794264597,ai-big-data,11210869.862417093,1.2327767794264597,29967.37058373,9093998.24,Ethereum
Shark Cat,SC,0.0111647097472146,memes,11051896.149703356,0.0111647097472146,1062853.90211783,989895519.0,Solana
BADMAD ROBOTS,METAL,0.015356255027058,gaming,11045751.169711877,0.015356255027058,29382.41787618,719299800.0,Polygon
Ooki Protocol,OOKI,0.001241284076598,ai-big-data,10894772.90871644,0.001241284076598,741729.93501895,8777018181.5071,Ethereum
Atlas Navi,NAVI,0.1126871354631717,ai-big-data,10651688.25107011,0.1126871354631717,42082.48133919,94524438.90146878,Ethereum
SAD HAMSTER,HAMMY,0.0112285059757525,memes,10576143.81419378,0.0112285059757525,187384.58718272,941901250.0,Solana
BreederDAO,BREED,0.0158204290711621,gaming,10386013.424532978,0.0158204290711621,476960.54254948,656493789.0,Ethereum
Lumerin,LMR,0.0170359709865156,ai-big-data,10334275.539985212,0.0170359709865156,41217.65217076,606615000.0,Ethereum
Slothana,SLOTH,0.0059242372762119,memes,10042282.143661886,0.0059242372762119,2326264.48648265,1695118152.0,Solana
Rake Coin,RAKE,0.0001431811147858,gaming,10014862.982544204,0.0001431811147858,1591626.93562306,69945418413.04674,Ethereum
GameGPT,DUEL,0.0031957455151916,ai-big-data,9442676.652054744,0.0031957455151916,2629279.64379219,2954764892.0,Ethereum
Super Trump Coin,STRUMP,0.0051059522147308,memes,9381587.699612364,0.0051059522147308,691976.40551235,1837382589.0,Ethereum
DexCheck AI,DCK,0.0262971051360115,ai-big-data,8925820.91073687,0.0262971051360115,1032973.15314208,339422186.0,Ethereum
Octokn,OTK,0.0291696823120572,gaming,8842406.77982353,0.0291696823120572,109967.05260075,303136890.05,Solana
Saito,SAITO,0.0043601959221413,gaming,8630102.106180942,0.0043601959221413,40177.85379501,1979292275.0,Ethereum
Bag.win,BAG,0.0021234210554404,gaming,8625690.347399728,0.0021234210554404,18533.00114096,4062166721.621114,Ethereum
LOBO•THE•WOLF•PUP,LOBO,0.0005249373501386,memes,8602558.674001506,0.0005249373501386,397264.59395284,16387781650.0,Bitcoin
nubcat,NUB,0.008943997813406,memes,8496800.185567228,0.008943997813406,1641153.73318912,950000253.0,Solana
Cross The Ages,CTA,0.1114300415235492,gaming,8475976.265574522,0.1114300415235492,2973182.33593287,76065450.12175412,Ethereum
HotKeySwap,HOTKEY,0.1974116691272448,ai-big-data,8387558.487108545,0.1974116691272448,7671.01422809,42487652.95481196,Ethereum
Pikaboss,PIKA,1.954303031466833e-08,memes,8221557.42307782,1.954303031466833e-08,17348.64703677,420690000000000.0,Ethereum
Metacade,MCADE,0.0061456377594655,gaming,8178330.516305885,0.0061456377594655,408681.99349376,1330753753.54,Base
Crypto-AI-Robo.com,CAIR,0.009372047222853,ai-big-data,8047148.25929717,0.009372047222853,1032578.7904733,858632918.5020301,Solana
Mochi (New),MOCHI,8.30985689889827e-06,memes,7791571.124113984,8.30985689889827e-06,288578.07326224,937630000000.0,Base
POOH,POOH,1.833163941442337e-08,memes,7711937.38525377,1.833163941442337e-08,457016.71132704,420690000000000.0,Ethereum
Ta-da,TADA,0.0337971064278146,ai-big-data,7636063.880553299,0.0337971064278146,107431.65295797,225938392.0,MultiversX
Doge Eat Doge,OMNOM,2.403959333037225e-08,memes,7452273.932415397,2.403959333037225e-08,21343.07892652,310000000000000.0,Dogecoin
Rain Coin,RAIN,7.239943120727676,memes,7239943.120727676,7.239943120727676,67707.15618507,1000000.0,Polygon
GAM3S.GG,G3,0.0412036234548152,gaming,7159482.000868531,0.0412036234548152,453960.39866599,173758553.26703897,Ethereum
Solama,SOLAMA,0.010922539846645,memes,7141900.103636604,0.010922539846645,87115.85454862,653868075.0,Solana
Three Protocol Token,THREE,0.0830319943373328,ai-big-data,7057719.518673294,0.0830319943373328,298628.07452677,85000000.0,Ethereum
Dogechain,DC,0.0002319613889784,memes,7050453.657184212,0.0002319613889784,855666.87764975,30394944987.3324,Ethereum
Farcana,FAR,0.0082966931071218,gaming,6931298.025789719,0.0082966931071218,1134918.98859313,835429000.0,Polygon
Starlink,STARL,6.9362536072244e-07,memes,6921806.7989218775,6.9362536072244e-07,301616.29928958,9979172029858.488,Ethereum
MAGA AGAIN,MAGAA,0.0069154843590209,memes,6915484.359020973,0.0069154843590209,545866.39678408,1000000000.0,Ethereum
KOMPETE,KOMPETE,0.0090137408942469,gaming,6768192.576789055,0.0090137408942469,6484.11236674,750874987.0,Ethereum
CatDog,CATDOG,6.738475269968575e-05,memes,6738475.269968575,6.738475269968575e-05,5261082.88519835,100000000000.0,Solana
PIBBLE,PIB,0.0002978362148452,ai-big-data,6522762.289087268,0.0002978362148452,1394270.76029019,21900500892.67001,Ethereum
GameZone,GZONE,0.0077343596809299,gaming,6497769.255892253,0.0077343596809299,810.67753423,840117284.94,Ethereum
PlayZap,PZP,0.1099937936249635,gaming,6327384.599338536,0.1099937936249635,672879.8043398,57524923.82354298,BNB
Stobox Token,STBU,0.0626256755426729,real-world-assets,6246911.135381627,0.0626256755426729,121314.52730184,99750000.0,Ethereum
Nuco.cloud,NCDT,0.1875738138072847,ai-big-data,6154200.724541002,0.1875738138072847,166331.9901699,32809487.633833,Ethereum
Pikamoon,PIKA,0.0003502194975895,gaming,6112532.213926957,0.0003502194975895,8614.53610592,17453432079.016533,Ethereum
UNKJD,MBS,0.0097683922788232,gaming,6109521.287984593,0.0097683922788232,152490.24133061,625437750.0,Solana
MongCoin,$MONG,1.0560966026291292e-08,memes,6137991.628872428,1.0560966026291292e-08,1184436.36834992,581196039603956.0,Ethereum
Hemule,HEMULE,0.0062255445160363,memes,6101024.834693511,0.0062255445160363,399162.52206857,979998587.911129,Ethereum
Kimbo,KIMBO,8.743950906197537e-05,memes,6070050.71908233,8.743950906197537e-05,94194.16086502,69420000000.0,Avalanche
Baby Bonk,BABYBONK,1.5575980204866e-11,memes,6022472.268970623,1.5575980204866e-11,7097849.32879072,3.866512533888031e+17,BNB
Big Data Protocol,BDP,0.1134326121205152,ai-big-data,5930127.204766049,0.1134326121205152,67484.54710294,52278856.08827953,Ethereum
MetaTrace,TRC,0.016318694103113,gaming,5839638.008984432,0.016318694103113,530847.70314652,357849590.91,Polygon
Astrafer,ASTRAFER,0.0372100560842521,gaming,5820288.69143551,0.0372100560842521,2.88837866,156417090.0,Polygon
bitsCrunch,BCUT,0.0240477044646998,ai-big-data,5759699.323665496,0.0240477044646998,595580.41555413,239511398.3590532,Ethereum
PLAYA3ULL GAMES,3ULL,0.0012054967616982,gaming,5693845.547227655,0.0012054967616982,1675649.26794479,4723235871.0,Avalanche
AIPAD,AIPAD,0.0495050723600937,ai-big-data,5639463.446948453,0.0495050723600937,518436.81410978,113916881.20214634,Ethereum
Bad Idea AI,BAD,1.0335374722771842e-08,ai-big-data,5415065.433332113,1.0335374722771842e-08,3440619.38597153,523935084946765.0,Ethereum
Swash,SWASH,0.0053933339087846,ai-big-data,5336559.459763394,0.0053933339087846,83998.4224827,989473218.239138,Ethereum
Genopets,GENE,0.092556124800851,gaming,5279064.824570766,0.092556124800851,147680.321186,57036364.0,BNB
CATAMOTO,CATA,0.0002716484438247,memes,5263913.006725827,0.0002716484438247,1070501.53204284,19377666710.0,Multichain
Fofar (fofar.meme),FOFAR,0.0054441340454035,memes,5171885.78261406,0.0054441340454035,3010151.02494553,949992366.0,Solana
Wall Street Memes,WSM,0.0027333710047414,memes,5171705.458782024,0.0027333710047414,941210.97409837,1892061286.159461,BNB
Landshare,LAND,1.3298467389581317,real-world-assets,5168463.237220427,1.3298467389581317,422191.04290908,3886510.442,BNB
Optimus AI,OPTI,0.0537307805894133,ai-big-data,5106301.455737279,0.0537307805894133,36181.37712519,95034939.0,Ethereum
Synesis One,SNS,0.0110908561958725,ai-big-data,5060233.728613668,0.0110908561958725,795447.33038155,456252758.06,Solana
Akita Inu,AKITA,7.321339283715358e-08,gaming,4983748.487625815,7.321339283715358e-08,165050.88626008,68071541209830.58,Ethereum
Dejitaru Tsuka,TSUKA,0.0049067148826767,memes,4906714.882676727,0.0049067148826767,74221.5077265,1000000000.0,Ethereum
XDB CHAIN,XDB,0.0002725689052532,real-world-assets,4687550.107157701,0.0002725689052532,866370.56005829,17197670082.0,Ethereum
Shina Inu,SHI,3.765703839459079e-07,memes,4599966.341708912,3.765703839459079e-07,164945.28365363,12215422502184.0,Ethereum
Hoge Finance,HOGE,1.1644260549085747e-05,gaming,4580871.135013112,1.1644260549085747e-05,2643.35743121,393401634711.1694,Ethereum
GameSwift,GSWIFT,0.0697068427263575,gaming,4365147.957977556,0.0697068427263575,364993.35430451,62621513.0,Ethereum
monkey shit inu,MSI,1.4539540912301829e-06,memes,4280833.178390473,1.4539540912301829e-06,486336.94401468,2944269839200.0,Ethereum
Windoge98,EXE,0.4926949221253792,memes,4284302.106884632,0.4926949221253792,8822.1906812,8695649.0,Internet Computer
DogeBonk,DOBO,7.27254807923064e-09,memes,4239602.731340758,7.27254807923064e-09,14.64630932,582959739166037.0,BNB
imgnAI,IMGNAI,0.0054510917282296,ai-big-data,4234589.755729345,0.0054510917282296,288217.8684035,776833333.0,Ethereum
BlockGames,BLOCK,0.0503952321674392,gaming,4203968.636394189,0.0503952321674392,681564.71557984,83419967.63555744,BNB
Bridge Oracle,BRG,0.0005151222709173,ai-big-data,4122094.542900264,0.0005151222709173,7090064.37607744,8002167205.0,BNB
SENATE,SENATE,0.0342853670335147,ai-big-data,4089098.047521365,0.0342853670335147,6810.74852925,119266567.67373034,Ethereum
Covalent,CQT,0.0046381843882349,ai-big-data,3971101.35155432,0.0046381843882349,10410.61371156,856175826.391746,Ethereum
UnMarshal,MARSH,0.0700531659181812,ai-big-data,3890441.804272214,0.0700531659181812,385548.5743756,55535560.07470191,Ethereum
Moutai,MOUTAI,0.0055592078682129,memes,3873196.9556027343,0.0055592078682129,139816.83334328,696717418.636079,Solana
Shiba Predator,QOM,6.439844736508243e-09,memes,3863174.8462198935,6.439844736508243e-09,6685.69827557,599886333333333.0,Ethereum
The First Youtube Cat,PAJAMAS,0.0039422049473522,memes,3863025.9852961022,0.0039422049473522,77235.69702089,979915056.9,Solana
Medieval Empires,MEE,0.0066318092696497,gaming,3709909.9907737225,0.0066318092696497,481537.54450233,559411442.6287879,Polygon
BEFE,BEFE,3.904392089418868e-05,memes,3638964.685539443,3.904392089418868e-05,232024.12083951,93201825078.0,Ethereum
Robonomics.network,XRT,2.1670133016505204,ai-big-data,3619293.295959325,2.1670133016505204,11067.01352948,1670175.85595929,Ethereum
Dark Frontiers,DARK,0.0207747409084594,gaming,3596306.153903703,0.0207747409084594,118149.31005195,173109555.0,BNB
Byte,BYTE,3.7167698278042346e-06,memes,3584701.969938538,3.7167698278042346e-06,41942.42040116,964467033476.83,Ethereum
BRN Metaverse,BRN,0.1374936324720908,gaming,3559970.116108878,0.1374936324720908,310546.76064944,25891890.78869889,BNB
Milady Wif Hat,LADYF,1.3299900869276149e-05,memes,3324951.8895032536,1.3299900869276149e-05,490024.09629944,249998246015.81525,Solana
Povel Durev,DUREV,0.0349050545675765,memes,3315980.183919768,0.0349050545675765,81769.10689235,95000000.0,Toncoin
Neiro (neiro.lol),NEIRO,0.0032420573438149,memes,3242057.24331117,0.0032420573438149,5685130.6854117,999999969.0,Ethereum
BloodLoop,BLS,0.1369906701459202,gaming,3184998.97021578,0.1369906701459202,163397.76460777,23249751.0,Avalanche
Crash,CRASH,0.0032427439298691,memes,3172173.18652808,0.0032427439298691,41409.51285459,978237337.0,Base
Elon MemeLord,ELON,4.509466447801185e-06,memes,3089975.615130691,4.509466447801185e-06,32709.03217939,685219781741.0,Ethereum
TypeAI,TYPE,0.3248064574161315,ai-big-data,3085661.3454532498,0.3248064574161315,2892.95777131,9500000.0,Ethereum
Chickencoin,CHKN,4.7875090506852914e-08,memes,3075447.939069724,4.7875090506852914e-08,69737.30523098,64239000000000.0,Ethereum
Skibidi Toilet,SKBDI,0.043782657977688,memes,3066479.221387479,0.043782657977688,41128.79664698,70038672.0,Solana
Real Smurf Cat,SMURFCAT,3.2427506767746324e-05,memes,3041993.5250801328,3.2427506767746324e-05,53715.07782997,93809047573.951,Ethereum
Wat,WAT,7.116599229550493e-06,memes,2977481.228056724,7.116599229550493e-06,1141199.5433914,418385401793.20886,Ethereum
YOM,YOM,0.0286026190405432,gaming,2971783.687309115,0.0286026190405432,3991.92294944,103899006.0,Solana
Orbofi AI,OBI,0.0070615812554523,gaming,2923494.639757276,0.0070615812554523,227073.35112369,414000000.0,Ethereum
Sinverse,SIN,0.0042163957838715,gaming,2887995.704742389,0.0042163957838715,1042549.95252231,684944168.6165829,BNB
ShibaDoge,SHIBDOGE,2.4984409e-17,memes,2830018.783733872,2.4984409e-17,101544.14926336,1.1327139192021198e+23,Ethereum
Cogito Finance,CGV,0.0289671802864183,ai-big-data,2803673.643984086,0.0289671802864183,26019.51841234,96787937.806243,BNB
Mozaic,MOZ,0.0181996571641529,ai-big-data,2776461.349886656,0.0181996571641529,11066.29569925,152555695.13448498,Arbitrum
LandX Finance,LNDX,0.309207130152865,real-world-assets,2589160.9972325526,0.309207130152865,436823.61832563,8373548.811609,Ethereum
AXIS Token,AXIS,0.0078776788921947,ai-big-data,2523245.666384113,0.0078776788921947,206.74518621,320303188.40289,Ethereum
AIgentX,AIX,0.0315234747856526,ai-big-data,2516358.992888004,0.0315234747856526,54108.79848216,79824924.44117478,Ethereum
Coconut Chicken,CCC,0.0002639444107625,memes,2465120.641758413,0.0002639444107625,37724.27249209,9339544772.463472,TRON
analoS,ANALOS,2.9564710911976585e-05,memes,2426677.923709724,2.9564710911976585e-05,1911966.40942043,82080218235.0,Solana
Reality Metaverse,RMV,0.0092460655281762,gaming,2310528.190298596,0.0092460655281762,153087.42830149,249893123.0,Ethereum
ETHEREUM IS GOOD,EBULL,0.0002287554829393,memes,2287554.8293930534,0.0002287554829393,3845966.52623825,10000000000.0,Ethereum
Ispolink,ISP,0.0008202974667036,ai-big-data,2261089.088501788,0.0008202974667036,458062.91449219,2756425784.89,Ethereum
Morpheus Infrastructure Node,MIND,0.001652440986787,ai-big-data,2257567.850542295,0.001652440986787,51107.09349708,1366201800.0,Ethereum
Hosky Token,HOSKY,9.89162238274136e-09,memes,2255289.903264347,9.89162238274136e-09,41502.82985522,227999999999931.0,Cardano
Success Kid,SKID,0.0258964200222524,memes,2246325.3412713944,0.0258964200222524,114780.43396569,86742698.0,Solana
ClinTex CTi,CTI,0.0177847635417447,ai-big-data,2213228.0143502923,0.0177847635417447,172713.92533297,124445175.17229618,Ethereum
PolkaBridge,PBR,0.0286823513739535,ai-big-data,2152399.372388792,0.0286823513739535,81577.07721251,75042640.13526405,Ethereum
Effect AI,EFX,0.0084095922507637,ai-big-data,2120634.493203132,0.0084095922507637,526.22411864,252168527.315999,EOS
TORSY,torsy,0.0030098559720466,memes,2106898.196209728,0.0030098559720466,230361.99051551,699999673.0,Solana
ROOBEE,ROOBEE,0.0005119458514928,ai-big-data,2100034.5144588584,0.0005119458514928,131345.15501773,4102063740.4038,Ethereum
Reboot,GG,0.0127070974481587,gaming,2061573.249833049,0.0127070974481587,7238.91473342,162237935.0,Arbitrum
MAGA VP,MVP,0.0482276286766266,memes,2002412.2518889967,0.0482276286766266,498190.61698183,41520023.0,Ethereum
Thetan World,THG,0.0173158334152865,gaming,1966818.1360596044,0.0173158334152865,180708.68709517,113584953.66,BNB
Andy on SOL,ANDY,0.002075897909121,memes,1964256.149067044,0.002075897909121,23087.89317273,946220014.21,Ethereum
Chirpley,CHRP,0.0046497244586628,ai-big-data,1920473.7542264347,0.0046497244586628,247885.18919635,413029583.0,Ethereum
Dock,DOCK,0.0021736093945341,ai-big-data,1904988.5864072803,0.0021736093945341,332239.44223367,876417166.395055,Polkadot
Gamestarter,GAME,0.0622853092297147,gaming,1897495.19680938,0.0622853092297147,272084.52926903,30464570.54281,Ethereum
KiboShib,KIBSHI,1.8908844017080048e-06,memes,1890884.4017080048,1.8908844017080048e-06,4209.22968264,1000000000000.0,Ethereum
Affyn,FYN,0.0073325627880273,gaming,1862718.7007904232,0.0073325627880273,89663.61709981,254033788.0,Polygon
Blink Galaxy,GQ,0.0003117473383827,gaming,1849745.141462003,0.0003117473383827,818198.39796165,5933475329.92,BNB
neversol,NEVER,2.564373861080325e-05,memes,1846354.2351308472,2.564373861080325e-05,719192.51635923,72000197130.11,Solana
Baby Trump (BSC),BABYTRUMP,0.0042733760177362,memes,1839821.8557572863,0.0042733760177362,174250.57637727,430531235.2859322,BNB
MetalCore,MCG,0.0040416666562985,gaming,1749140.6495900063,0.0040416666562985,76102.79393991,432777069.05,Ethereum
BILL THE BEAR,BILL,1.9389142429480933e-06,memes,1723473.327520339,1.9389142429480933e-06,85248.61644716,888885794608.3375,Solana
DinoLFG,DINO,0.0053683324149913,gaming,1680011.5391945858,0.0053683324149913,14720.82379583,312948493.0,Ethereum
Roost Coin,ROOST,0.0017661742745724,memes,1655159.2199159714,0.0017661742745724,128349.33420628,937143771.0,Base
Aether Games,AEG,0.0110600703303702,gaming,1647781.503470663,0.0110600703303702,63302.87630611,148984722.0,Ethereum
YOUNES,YOUNES,0.0016381274041118,memes,1638124.4571206698,0.0016381274041118,358545.62494507,999998201.0,Solana
B-cube.ai,BCUBE,0.0614653561136194,ai-big-data,1627727.556548576,0.0614653561136194,0.0,26482032.47272662,Ethereum
HAMI,HAMI,0.001632626272118,memes,1570973.2516000443,0.001632626272118,20638.64467816,962236905.3035057,Solana
Powsche,POWSCHE,0.0158346714592915,memes,1505079.7267159072,0.0158346714592915,16748.01846856,95049634.0,Solana
DxChain Token,DX,2.9303035050911067e-05,ai-big-data,1465151.7525363578,2.9303035050911067e-05,2141.84169234,49999999999.6862,Ethereum
Wombat Web 3 Gaming Platform,WOMBAT,0.0003189982041098,gaming,1458434.035242859,0.0003189982041098,14946.18351889,4571919266.167964,Ethereum
Decentrawood,DEOD,0.0096918231818469,gaming,1420371.3467463262,0.0096918231818469,180263.97348694,146553576.1534242,Polygon
Moby,MOBY,0.00013499780014,memes,1349978.0014000577,0.00013499780014,65593.18570607,10000000000.0,Base
LandRocker,LRT,0.0019553169127279,gaming,1306860.1515612814,0.0019553169127279,855903.87491669,668362321.7568533,Polygon
Tamadoge,TAMA,0.000932824613732,memes,1299754.178305938,0.000932824613732,10239.42296849,1393353219.0,Ethereum
Honk,HONK,0.0013110467953599,memes,1205925.3290683883,0.0013110467953599,55676.55613984,919818677.21,Solana
TrustVerse,TRV,0.0011485663514776,ai-big-data,1148566.3514776,0.0011485663514776,11399.7902011,1000000000.0,Ethereum
Gecko Inu,GEC,1.7195190992143462e-08,memes,1138150.620291581,1.7195190992143462e-08,293016.06796174,66190053998912.0,Avalanche
Minu,MINU,2.029831668094563e-07,memes,1102769.1923027833,2.029831668094563e-07,593841.05856528,5432811053430.707,BNB
Lithium,LITH,0.0002018681050245,ai-big-data,1058237.065970287,0.0002018681050245,333589.42474135,5242220240.0,Ethereum
Boss Token,BOSS,2.673122666116237e-09,memes,1064974.5659581183,2.673122666116237e-09,3.99182195,398400933656147.2,BNB
Meme Ai,MEMEAI,0.0014516675941244,memes,1056877.4913981806,0.0014516675941244,342081.03364126,728043731.0,Ethereum
BABYTRUMP,BABYTRUMP,0.0284545914565406,memes,1026654.3220451864,0.0284545914565406,7983.77353958,36080445.0,BNB
Sheboshis,SHEB,50.728001656973845,memes,1014560.0331394768,50.728001656973845,4904.19432753,20000.0,Ethereum
Pepoclown,HONK,2.494865316995733e-09,memes,1001075.175170175,2.494865316995733e-09,40850.64656644,401254195306883.25,Solana
BOZO,BOZO,1.3744962500876732e-08,memes,1000975.6661096136,1.3744962500876732e-08,770054.25184009,72824910656960.0,Solana
Gary Banking,GB,9.428352090685928e-05,memes,989976.9695220224,9.428352090685928e-05,45.39959683,10500000000.0,Solana
GuildFi,GF,0.0335919440776783,gaming,984268.0775698492,0.0335919440776783,105.2390784,29300717.91301564,Ethereum
3DPass,P3D,0.0030169049900537,real-world-assets,982684.6494170432,0.0030169049900537,8017.45668827,325726084.4,No asociado a ningun blockchain
Crypto Unicorns,CU,0.0207092151064692,gaming,979739.9564657124,0.0207092151064692,54792.48533811,47309371.76656471,Arbitrum
ApeBond,ABOND,0.0066246595972957,ai-big-data,955824.380241067,0.0066246595972957,40200.44462176,144282791.62166193,Ethereum
VisionGame,VISION,0.0016870321735275,gaming,927867.69544015,0.0016870321735275,90094.33880432,550000000.0,BNB
Uno Re,UNO,0.0114133765412859,ai-big-data,893007.1535899091,0.0114133765412859,26355.0669504,78242153.0,Ethereum
ELMOERC,ELMO,0.0030361498549851,memes,890638.4015703575,0.0030361498549851,671.15894512,293344678.0,Ethereum
GoCrypto Token,GOC,0.0035997248681976,ai-big-data,882934.8921453223,0.0035997248681976,99337.45384774,245278437.79,BNB
Carlo,CARLO,0.000936824196035,memes,868372.1533035428,0.000936824196035,5949.48523832,926931816.0,Base
Baby,BABY,8.810891590409106e-07,memes,864847.3354912938,8.810891590409106e-07,18049.53003641,981566197492.0944,BNB
Insane Labz,LABZ,0.0173086667587986,memes,856904.4131767079,0.0173086667587986,7474.46858605,49507245.42322756,Solana
CatSolHat,SOLCAT,0.0126541562493681,memes,837185.867752325,0.0126541562493681,18047.00270399,66158964.0,Solana
Long,LONG,1.06169438097874e-06,memes,832064.5751589892,1.06169438097874e-06,2107.58114111,783713835230.0,zkSync
Trog,TROG,1.969723037177914e-06,memes,828642.7845103767,1.969723037177914e-06,5084.52177995,420690000000.0,Ethereum
Wiggly Willy,WIWI,1.2591121577212777e-06,memes,819431.240917973,1.2591121577212777e-06,938.60986616,650800832867.0,Ethereum
sunpepe,SUNPEPE,0.0007919203684183,memes,791920.3684183876,0.0007919203684183,193590.99478188,1000000000.0,TRON
KittenWifHat,KITTENWIF,0.0007901366256891,memes,772421.2547514415,0.0007901366256891,32213.15102219,977579357.3393337,Solana
Fabwelt,WELT,0.0033365983063626,gaming,764053.4284988473,0.0033365983063626,362921.50038264,228991733.0,BNB
Hawk Tuah,HAWKTUAH,0.0008780512373305,memes,753999.840665965,0.0008780512373305,38327.90024746,858719638.0,Solana
Green Shiba Inu [New],GINUX,2.097419001245064e-07,memes,749382.6516803369,2.097419001245064e-07,64890.94354447,3572880055132.0,BNB
DeFrogs,DEFROGS,74.4594479198045,memes,744594.479198045,74.4594479198045,321281.23691292,10000.0,Ethereum
Pussy Financial,PUSSY,4.450354198828736e-06,memes,733226.9833320134,4.450354198828736e-06,0.0,164756994741.0,Ethereum
MeowCat,MEOW,0.007307455313516,memes,730745.5313516074,0.007307455313516,5937.91806715,100000000.0,Avalanche
TRAVA.FINANCE,TRAVA,0.0001984568709687,ai-big-data,729008.3388382699,0.0001984568709687,103280.84610376,3673384223.382249,BNB
Coinye West,COINYE,0.000863186396943,memes,691623.5481055663,0.000863186396943,352.63202473,801244726.0,Base
XMON,XMON,450.1262959293474,ai-big-data,672901.7985290601,450.1262959293474,1128.36845649,1494.91777,Ethereum
Idena,IDNA,0.0096085401113885,ai-big-data,668013.6351565447,0.0096085401113885,8220.67913728,69522906.43661693,BNB
Rainbow Token,RBW,0.0033801587914475,gaming,664624.5876890314,0.0033801587914475,0.1708281,196625256.0,Polygon
KEK,KEKE,8.824774916982024e-09,memes,655507.7502167225,8.824774916982024e-09,121581.12363383,74280393141279.0,Ethereum
What's Updog,UPDOG,0.0006459959443367,memes,645971.287317538,0.0006459959443367,15411.18402516,999961831.0,Solana
The Dons,DONS,7.796958921997622e-05,memes,635452.1521428062,7.796958921997622e-05,49100.31443273,8150000000.0,BNB
Captain Tsubasa,TSUGT,0.003541431294282,gaming,633491.7505115761,0.003541431294282,441182.53151349,178880147.0,Polygon
Planet Mojo,MOJO,0.0169062486497752,gaming,617530.9433993793,0.0169062486497752,128105.44750036,36526787.0,Base
Soyjak,SOY,0.0006561246701646,memes,607937.5549210687,0.0006561246701646,6905.06671286,926557989.0,Solana
Sekuya Multiverse,SKYA,0.0044620702389393,gaming,595752.1611999315,0.0044620702389393,6076.91097272,133514743.0,Ethereum
Unix Gaming,UNIX,0.0015475975722098,gaming,595396.5700909079,0.0015475975722098,100.77477526,384723122.33,Ethereum
Bird.Money,BIRD,5.868021720308214,ai-big-data,557121.6162999412,5.868021720308214,15171.94106457,94941.98263988,Ethereum
WOOF,WOOF,3.039978085617228e-05,memes,544247.2591577786,3.039978085617228e-05,9425.30242819,17902999424.0,Solana
Cirus Foundation,CIRUS,0.0082732583652782,ai-big-data,517824.9701937639,0.0082732583652782,30341.15825111,62590209.0,Ethereum
aiRight,AIRI,0.0018722899001952,ai-big-data,479797.8115736148,0.0018722899001952,48488.15752386,256262564.64,BNB
DOGWIFHOOD,WIF,0.0004597253571658,memes,459228.933312568,0.0004597253571658,262.57557208,998920173.0,Solana
Eggdog,EGG,0.0004540149166374,memes,429196.06863546686,0.0004540149166374,50856.23829834,945334730.0,Ethereum
Icon.X World,ICNX,0.0339511558115144,gaming,423974.7342756926,0.0339511558115144,280291.61318824,12487785.0,Polygon
Meme Alliance,MMA,0.0048041597226452,gaming,420161.4755949872,0.0048041597226452,42443.5327981,87457849.0,Ethereum
Fuku-Kun,FUKU,1.2749986829933905e-06,memes,410319.7840255847,1.2749986829933905e-06,296796.69536148,321819770874.0, Solana
Castle of Blackwater,COBE,0.0541830900739312,gaming,405028.0705904432,0.0541830900739312,2676.81881308,7475174.82,Ethereum
Neurashi,NEI,0.0047761922848458,ai-big-data,385533.7922706862,0.0047761922848458,161780.86408613,80719906.0,BNB
Loser Coin,LOWB,6.392571828389008e-06,memes,385451.8817359005,6.392571828389008e-06,810.14732552,60296840158.1556,Ethereum
Legends of Elysium,LOE,0.0264295552541896,gaming,363761.2543835053,0.0264295552541896,202371.65403444,13763427.0,Polygon
Gemach,GMAC,0.0007075297301803,ai-big-data,353764.8650901708,0.0007075297301803,0.0,500000000.0,Ethereum
ROD.AI,RODAI,6.301430666926372e-09,memes,345312.6998330922,6.301430666926372e-09,65982.46588899,54799095330128.3,Solana
FOMO BULL CLUB,FOMO,9.276305317865004e-06,memes,310417.8710159603,9.276305317865004e-06,240068.59415369,33463524580.0,Base
BULLS,BULLS,0.0003065561140482,memes,306556.1140482335,0.0003065561140482,203.89727722,1000000000.0,TRON
WaifuAI,WFAI,2.673820908667638e-09,memes,300472.9966153325,2.673820908667638e-09,63.75675143,112375887121422.0,Ethereum
Shib Original Vision,SOV,2.798811368233143e-09,memes,297110.1264971478,2.798811368233143e-09,0.0,106155823814846.78,Ethereum
Mars Battle,SHOOT,0.0032384818138773,gaming,297077.57281091664,0.0032384818138773,386471.65928438,91733593.04903258,Ethereum
Artisse,CATHEON,0.0003016341717154,ai-big-data,292143.0356274165,0.0003016341717154,3219.04971329,968534281.0,Polygon
Token IN,TIN,0.0183815948226256,gaming,286502.8343985875,0.0183815948226256,146954.85125169,15586397.0,Aptos
Playermon,PYM,0.0006706592530182,gaming,286419.99104409857,0.0006706592530182,9335.28737042,427072302.0,Polygon
Sonic The Goat,GOAT,3.1905456566461e-07,memes,282715.1551618047,3.1905456566461e-07,12.966585,886102835021.0,Solana
Bruh,BRUH,0.0002709433202849,memes,270943.3202849892,0.0002709433202849,2135437.81977954,1000000000.0,No asociada a ningun blockchain
All In,ALLIN,0.2815266455951916,ai-big-data,267897.27409429103,0.2815266455951916,45286.82369703,951587.63223962,Ethereum
Papi,PAPI,2.830831801213427e-07,memes,264682.77370050177,2.830831801213427e-07,9.41699645,935000001014.0,Ethereum
Papu Token,PAPU,8.180297301821832e-09,memes,259358.90419956227,8.180297301821832e-09,644334.95291113,31705315177457.0,BNB
Nutcoin,NUT,1.2034354901584292e-08,memes,241803.3752291336,1.2034354901584292e-08,166755.0651941,20092757543431.0,Ethereum
BullBear AI,AIBB,1.1733430155383e-10,ai-big-data,240046.4917515296,1.1733430155383e-10,2435.24549946,2045833899998990.0,Arbitrum
X,X,2.548471465683923e-07,memes,239023.53324188484,2.548471465683923e-07,23779.20119635,937909395731.606,Ethereum
Acquire.Fi,ACQ,0.0067789158314644,real-world-assets,237541.2301919445,0.0067789158314644,134365.93951851,35041183.0,Ethereum
YAWN,$YAWN,3.638135727774007e-05,memes,233405.94456233192,3.638135727774007e-05,135718.02563884,6415537023.0,Ethereum
Nemesis Downfall,ND,3.343064364672689e-05,gaming,233084.94251330363,3.343064364672689e-05,5627.72271627,6972194283.077298,BNB
Oggy Inu (BSC),OGGY,2.113615108023e-12,memes,228535.0681648213,2.113615108023e-12,271.07178023,1.08125205623925e+17,BNB
Make America Based Again,MABA,0.0002379871088324,memes,219520.7999382557,0.0002379871088324,1102.94034344,922406264.0,Base
Arcona,ARCONA,0.0141611018524269,ai-big-data,217167.14955681315,0.0141611018524269,737.83024926,15335469.78334842,Ethereum
MetaFighter,MF,0.000342398686462,gaming,210244.1810448244,0.000342398686462,109417.09983087,614033258.18,BNB
Ojamu,OJA,0.0020733622768595,ai-big-data,207328.1001058253,0.0020733622768595,109.03289292,99996080.0,Ethereum
The QWAN,QWAN,0.0047596811986753,gaming,207204.78519785605,0.0047596811986753,0.0,43533332.70630002,Ethereum
SAITAMA INU,SAITAMA,0.0003060226212696,memes,203955.93320225776,0.0003060226212696,11702.96160433,666473388.0,Ethereum
Oggy Inu (ETH),OGGY,9.991627206446865e-07,memes,201103.7014973517,9.991627206446865e-07,1058.62564539,201272222574.11108,BNB
Ninneko,NINO,0.0030540719976118,gaming,198222.32269465484,0.0030540719976118,271.78990086,64904273.0,BNB
Caitlyn Jenner (ETH),JENNER,0.0001996923056018,memes,192617.7787337329,0.0001996923056018,9984.53476793,964572862.0,Ethereum
Donkey King,DOKY,2.1722852631047088e-05,memes,188436.23129147265,2.1722852631047088e-05,12055.36433516,8674561969.0,Solana
MetamonkeyAi,MMAI,2.9939859034485865e-05,ai-big-data,182614.48724884685,2.9939859034485865e-05,40644.2287974,6099376989.0,Ethereum
Based Shiba Inu,BSHIB,2.013086592440069e-05,memes,182011.03214508577,2.013086592440069e-05,3039.5225144,9041391107.0,Base
Solzilla,SOLZILLA,2.8231078729559103e-10,memes,181012.09853380776,2.8231078729559103e-10,2138.18052603,641180240641250.0,Solana
Kangal,KANGAL,1.7640198842986823e-06,memes,176401.98842986824,1.7640198842986823e-06,0.0,100000000000.0,Ethereum
DOGEMOB,DOGEMOB,0.0003519656419723,memes,175789.27226394464,0.0003519656419723,5033.05963547,499450092.0,BNB
CZ THE GOAT,CZGOAT,0.0001928963970285,memes,160393.354129225,0.0001928963970285,394.66536112,831500000.0,BNB
KING,KING,1.675456146088757e-05,memes,155314.7847424278,1.675456146088757e-05,164.1150694,9270000000.0,Ethereum
OceanEx Token,OCE,8.499906067654516e-05,ai-big-data,151981.55235794742,8.499906067654516e-05,12.97079999,1788038022.4,VeChain
ASPO World,ASPO,0.0018459364840405,gaming,147558.37736926405,0.0018459364840405,383.58534928,79936866.0,BNB
Raze Network,RAZE,0.0012147781718966,ai-big-data,144183.126670552,0.0012147781718966,11156.47121613,118690910.0,Ethereum
My Master War,MAT,0.001963868460966,gaming,140823.16298960324,0.001963868460966,47.55147901,71707024.06429505,BNB
Nvidia Inu,NINU,1.7308364924562357e-05,memes,124097.48749808404,1.7308364924562357e-05,2853.96832404,7169798420.53, Ethereum
NeverSurrenderOne's,NSO,0.0001869002328993,memes,120216.36607050708,0.0001869002328993,888.93332227,643211430.0,Solana
PengyOS,POS,0.0001196735113951,memes,119159.39937549936,0.0001196735113951,372.47092428,995704045.0,Solana
SNOOPYBABE,SBABE,1.187070619771233e-05,memes,118707.06197712327,1.187070619771233e-05,2327.7727644,10000000000.0,Solana
Godcat Exploding Kittens,GODCAT,0.0001368637317701,memes,109070.59984159218,0.0001368637317701,16893.99593167,796928437.0,Base
YFDAI.FINANCE,YF-DAI,26.09670387952952,ai-big-data,104021.46166380469,26.09670387952952,28402.5970474,3986.0,Ethereum
Dogy,DOGY,1.1402153100120345e-07,memes,99184.39815985174,1.1402153100120345e-07,137718.98001877,869874288557.0,Solana
Gunstar Metaverse,GSTS,0.0029289520727893,gaming,91647.74718847542,0.0029289520727893,34940.9111971,31290285.71,BNB
Ubex,UBEX,2.75529742700886e-05,ai-big-data,91097.26197687008,2.75529742700886e-05,499.79136819,3306258739.397325,Ethereum
Dragonball Z Tribute,DBZ,1.2732347308114692e-07,memes,88375.0073008978,1.2732347308114692e-07,796358.17250571,694098308523.0,Ethereum
The HUSL,HUSL,0.0077967331595282,gaming,80929.14733696182,0.0077967331595282,3274.760292,10379879.07,Ethereum
Tate Stop,TME,2.7252468324720946e-05,memes,66712.53888573447,2.7252468324720946e-05,11.79063121,2447944828.0,Ethereum
MAGE,MAGE,5.370465951985832e-06,memes,66109.19217644043,5.370465951985832e-06,0.0,12309768420.0,Merlin Chain
Bufficorn,BUFFI,1.494533883142398e-07,memes,61616.02658916864,1.494533883142398e-07,123948.32237809,412275876005.0,Ethereum
Pawtocol,UPI,0.0001611017141681,ai-big-data,41552.05927392616,0.0001611017141681,6292.32978118,257924377.0837,Ethereum
Catman,CATMAN,2.973786786153832e-05,memes,28262.66037996774,2.973786786153832e-05,115.26884719,950392964.0,Solana
BEMIL Coin,BEM,2.2492281281089347e-05,gaming,22491.85934157497,2.2492281281089347e-05,70.6385494,999981240.6972374,BNB
Hawk Tuah,HAWK,2.300464871928679e-05,memes,22149.12582445625,2.300464871928679e-05,0.0,962810869.0,Solana
CryptoTanks,TANK,0.0004308899230336,gaming,20945.55915866725,0.0004308899230336,175.69611197,48610000.0,BNB
MetaShooter,MHUNT,0.0005106840783342,gaming,16474.756715407806,0.0005106840783342,1178.73799689,32260173.0,BNB
Era Token (Era7),ERA,0.0003245691548468,gaming,14937.205773174868,0.0003245691548468,0.0,46021643.0,BNB
Dogeswap,DOGES,0.6442472893813018,memes,12884.945787626037,0.6442472893813018,0.0,20000.0,Ethereum
Meme Cup,MEMECUP,1.1826094036241437e-05,memes,10643.484632617294,1.1826094036241437e-05,3288.9606517,900000000.0,Ethereum
Warena,RENA,0.0009647338663556,gaming,6620.237661716442,0.0009647338663556,259.2664798,6862242.42,BNB
Cryptopolis,CPO,6.950961567006503e-05,gaming,6180.352867765944,6.950961567006503e-05,36.66893169,88913638.9,BNB
Connectome,CNTM,0.0014992300760934,ai-big-data,1815.080372374468,0.0014992300760934,1.38458738,1210675.0,Ethereum
HODL,HODL,1.07206127027e-12,memes,777.418369057578,1.07206127027e-12,0.0,725162255755946.0,BNB
rats (Ordinals),rats,9.38151528310119e-05,memes,0.0,9.38151528310119e-05,18857088.32821698,0.0,Bitcoin
CAT (SOL),CAT,3.302043609215224e-05,memes,0.0,3.302043609215224e-05,10455385.47609028,0.0,BNB
FIGHT TO MAGA,FIGHT,0.0053306180164815,memes,0.0,0.0053306180164815,7263630.99432568,0.0,Ethereum
AI Companions,AIC,0.0579389470126595,memes,0.0,0.0579389470126595,5270237.23634184,0.0,BNB
Mao,MAO,0.0153237551362145,memes,0.0,0.0153237551362145,4889266.00200205,0.0,BNB
Foxy,FOXY,0.00770601887481,memes,0.0,0.00770601887481,4784242.4305946,0.0,Linea
Kamala Harris (kamalaharristoken.xyz),HARRIS,6.263617375164784e-06,memes,0.0,6.263617375164784e-06,4621422.11468072,0.0,Ethereum
GUMMY,GUMMY,0.0071217431468121,memes,0.0,0.0071217431468121,4266377.11880801,0.0,Solana
smolecoin,SMOLE,3.387762405263658e-05,memes,0.0,3.387762405263658e-05,4200811.7071236,0.0,Solana
Counter Fire,CEC,0.0166547389846185,gaming,0.0,0.0166547389846185,3701730.80803337,0.0,Viction
Doland Tremp,TREMP,0.1296031826713448,memes,0.0,0.1296031826713448,3429349.11860166,0.0,Solana
Wojak,WOJAK,0.0005045318650636,memes,0.0,0.0005045318650636,3202001.05386349,0.0,Ethereum
Ape and Pepe,APEPE,2.3467821741058487e-06,memes,0.0,2.3467821741058487e-06,2576047.09423327,0.0,Polygon
Mr Miggles,MIGGLES,0.0191188505849619,memes,0.0,0.0191188505849619,2353901.01171961,0.0,Base
Department Of Government Efficiency (dogegov.com),DOGE,0.0028907590600185,memes,0.0,0.0028907590600185,1964665.14713647,0.0,Ethereum
Shitcoin (SOL),SHIT,0.0059623392143385,memes,0.0,0.0059623392143385,1920728.53294217,0.0,Solana
4,FOUR,0.0052132404885891,memes,0.0,0.0052132404885891,1895590.19390822,0.0,Ethereum
rocky,ROCKY,0.0045494823763637,memes,0.0,0.0045494823763637,1851665.41434577,0.0,Solana
SMILEY,SMILEY,2.71299709904e-12,memes,0.0,2.71299709904e-12,1825021.13704319,0.0,Ethereum
Binancedog,BINANCEDOG,0.0028710292687744,memes,0.0,0.0028710292687744,1807869.92221702,0.0,BNB
Dark MAGA,DMAGA,0.0037077064532275,memes,0.0,0.0037077064532275,1763081.93840411,0.0,Solana
SNAP,$NAP,4.314066378368366e-06,memes,0.0,4.314066378368366e-06,1711030.49994416,0.0,Solana
Pundu,PUNDU,0.0053314504515024,memes,0.0,0.0053314504515024,1693242.90280679,0.0,Solana
Bwull,BWULL,0.0008529217478498,memes,0.0,0.0008529217478498,1629078.53712361,0.0,Solana
Ozone Metaverse,OZONE,0.0008799948915561,ai-big-data,0.0,0.0008799948915561,1609808.88499623,0.0,BNB
donotfomoew,MOEW,0.0003506474455932,memes,0.0,0.0003506474455932,1608964.8197773,0.0,Base
MONGY,MONGY,0.0013072824832741,memes,0.0,0.0013072824832741,1560147.00013947,0.0,Solana
Doodoo,DOODOO,0.2454285601331407,memes,0.0,0.2454285601331407,1537847.55885791,0.0,Aptos
Real Nigger Tate,RNT,0.0029629191119275,memes,0.0,0.0029629191119275,1459868.47329087,0.0,Solana
Sora,SORA,0.0011396911892978,memes,0.0,0.0011396911892978,1401657.33492209,0.0,Ethereum
Peng,PENG,0.1125388217110041,memes,0.0,0.1125388217110041,1385895.70396219,0.0,Solana
Neiro Solana (neirobropump.com),NEIRO,0.0056693710797694,memes,0.0,0.0056693710797694,1223387.64658575,0.0,Ethereum
Autonolas,OLAS,0.7879648895237746,ai-big-data,0.0,0.7879648895237746,1211961.66523741,0.0,Ethereum
TronDog,TRONDOG,0.0002823936937387,memes,0.0,0.0002823936937387,1187758.76922865,0.0,TRON
mini,MINI,0.0143222717660599,memes,0.0,0.0143222717660599,1171445.03318574,0.0,Solana
Unicorn,UWU,0.0006354206923804,memes,0.0,0.0006354206923804,1138839.14409797,0.0,Solana
POGAI,pogai,2.5648325451667205e-05,memes,0.0,2.5648325451667205e-05,1104294.78708479,0.0,Arbitrum
LayerAI,LAI,0.0125493895446044,ai-big-data,0.0,0.0125493895446044,1030013.88845,0.0,Ethereum
Puffy,$PUFFY,0.000196567136757,memes,0.0,0.000196567136757,994270.6555868,0.0,Solana
Book of Ethereum,BOOE,0.1305602816364051,memes,0.0,0.1305602816364051,947327.44447205,0.0,Ethereum
Ski Mask Dog,SKI,0.0004770456334592,memes,0.0,0.0004770456334592,913657.24878007,0.0,Base
Zuzalu Inu,ZUZALU,0.0008962487630626,memes,0.0,0.0008962487630626,874977.44245438,0.0,Ethereum
Arbi Pepe,PEPE,7.258619715059853e-06,memes,0.0,7.258619715059853e-06,863589.29703176,0.0,Ethereum
mfercoin,$mfer,0.0089003277674744,memes,0.0,0.0089003277674744,809377.82264659,0.0,Base
Keyboard Cat,KEYCAT,0.0005782009895056,memes,0.0,0.0005782009895056,792379.48071999,0.0,Base
Forgotten Playland,FP,0.0027403854109407,gaming,0.0,0.0027403854109407,781132.19851779,0.0,Ethereum
DogeSwap,DOG,0.0020551035165083,memes,0.0,0.0020551035165083,776998.36921024,0.0,Bitcoin
Gold Standard,BAR,2.091042697054576,memes,0.0,2.091042697054576,770393.25762661,0.0,Chiliz
Dtec,DTEC,0.0752472351295123,ai-big-data,0.0,0.0752472351295123,733737.91102208,0.0,Polygon
DarkShield Games Studio,DKS,9.709916291234312e-05,ai-big-data,0.0,9.709916291234312e-05,675323.09009343,0.0,BNB
SelfieDogCoin,SELFIE,0.015345761579929,memes,0.0,0.015345761579929,660467.83845037,0.0,Solana
Unagi Token,UNA,0.008540450176889,gaming,0.0,0.008540450176889,631624.90314658,0.0,Ethereum
Playbux,PBUX,0.0264638579174858,gaming,0.0,0.0264638579174858,627136.76979038,0.0,BNB
Jeo Boden,BODEN,0.0044005272819107,memes,0.0,0.0044005272819107,613387.25956046,0.0,Solana
PEPAY,PEPAY,9.909511114651e-09,memes,0.0,9.909511114651e-09,613237.26423423,0.0,Ethereum
THE BALKAN DWARF,KEKEC,6.435168141689198e-05,memes,0.0,6.435168141689198e-05,604767.27575584,0.0,Ethereum
Jason Derulo,JASON,0.0021065473388119,memes,0.0,0.0021065473388119,599579.01916805,0.0,Solana
GameStop Coin,GME,3.221274334713355e-05,memes,0.0,3.221274334713355e-05,596157.7332276,0.0,Solana
Base God,TYBG,3.4977173816435624e-05,memes,0.0,3.4977173816435624e-05,587484.42058053,0.0,Base
Tsutsuji,TSUJI,1.5895812774679207e-05,memes,0.0,1.5895812774679207e-05,586087.92910837,0.0,Ethereum
Ken,KEN,0.0001750600256989,memes,0.0,0.0001750600256989,580772.88804169,0.0,Ethereum
Doogle,DOOGLE,0.0004233708864455,memes,0.0,0.0004233708864455,578511.3257739,0.0,Solana
Nim Network,NIM,0.0273280187380523,gaming,0.0,0.0273280187380523,574640.49664028,0.0,No asociado a ningun blockchain
Kamala Horris,KAMA,0.0060827833742459,memes,0.0,0.0060827833742459,561771.52470026,0.0,Solana
Skulls of Pepe Token,SKOP,0.0239340942115116,memes,0.0,0.0239340942115116,544154.74516898,0.0,Base
BOME TRUMP,TRUMP,0.0001338301779885,memes,0.0,0.0001338301779885,531965.62931202,0.0,Ethereum
Gekko HQ,GEKKO,1.7848461726570448e-06,memes,0.0,1.7848461726570448e-06,528494.15806431,0.0,Ethereum
Gamer Arena,GAU,0.0816139954559996,gaming,0.0,0.0816139954559996,519354.47118688,0.0,Avalanche
XANA,XETA,0.0029763481287726,ai-big-data,0.0,0.0029763481287726,514619.49962531,0.0,Multichain
IX Swap,IXS,0.5406084372053425,real-world-assets,0.0,0.5406084372053425,501611.31843834,0.0,Ethereum
Param,PARAM,0.0087296380759496,gaming,0.0,0.0087296380759496,498724.66098616,0.0,Ethereum
Trias Token (New),TRIAS,4.349313798029002,ai-big-data,0.0,4.349313798029002,491920.06761387,0.0,Ethereum
Amaterasu Omikami,OMIKAMI,0.0447209039004572,memes,0.0,0.0447209039004572,470981.11427252,0.0,Ethereum
Stooges,STOG,0.0002244935062499,memes,0.0,0.0002244935062499,458180.86721164,0.0,Solana
tooker kurlson,TOOKER,0.0068295509634494,memes,0.0,0.0068295509634494,454784.61408228,0.0,Solana
LUCI,LUCI,0.0020060186756632,memes,0.0,0.0020060186756632,452291.61897653,0.0,Solana
Bamboo on Base,BAMBOO,0.0142662372195341,memes,0.0,0.0142662372195341,417117.78003016,0.0,Base
Lord Of SOL,LOS,3.785380230735621e-05,memes,0.0,3.785380230735621e-05,391580.02032808,0.0,Solana
Bobaoppa,BOBAOPPA,0.000590217304354,memes,0.0,0.000590217304354,385371.96118803,0.0,Solana
Trump Mania,TMANIA,0.0002432649573076,memes,0.0,0.0002432649573076,378205.84955555,0.0,Solana
Department Of Government Efficiency (dogedepartment.com),DOGE,1.1242814335252303e-05,memes,0.0,1.1242814335252303e-05,375592.70310723,0.0,Ethereum
Trex20,TX20,0.0064605882301136,gaming,0.0,0.0064605882301136,357191.31440856,0.0,Bitcoin
Tron cat,TCAT,0.001795655006319,memes,0.0,0.001795655006319,356962.51500758,0.0,TRON
TON FISH MEMECOIN,FISH,1.981055543894868e-08,memes,0.0,1.981055543894868e-08,344429.66440003,0.0,Toncoin
Mistery On Cro,MERY,1.598024438353024e-05,memes,0.0,1.598024438353024e-05,338827.47006586,0.0,Cronos
meme (Ordinals),MEME,0.0280176629927248,memes,0.0,0.0280176629927248,338056.73691088,0.0,Ethereum
Doug The Duck,DOUG,0.0010784371763905,memes,0.0,0.0010784371763905,333697.93299721,0.0,Solana
PUGGY Coin,PUGGY,7.92715974926712e-06,memes,0.0,7.92715974926712e-06,331966.23551088,0.0,Polygon
hehe,HEHE,0.0062034814241552,memes,0.0,0.0062034814241552,328903.15452249,0.0,Solana
dogwifhat,DOGWIFHAT,0.0056947931855303,memes,0.0,0.0056947931855303,328616.71269697,0.0,Ethereum
Bork,BORK,0.0001919760284141,memes,0.0,0.0001919760284141,317556.29113499,0.0,Solana
Deebo the Bear,DEEBO,0.0009333501853077,memes,0.0,0.0009333501853077,316213.3910614,0.0,Solana
MEW WOOF DAO,MWD,0.0016710235614798,memes,0.0,0.0016710235614798,314363.87361705,0.0,TRON
Taki Games,TAKI,0.0096037605167206,gaming,0.0,0.0096037605167206,310607.679109,0.0,Solana
BLUE,BLUE,0.0017307216500972,memes,0.0,0.0017307216500972,308717.66265853,0.0,Solana
Towelie,TOWELI,0.0003095708032515,memes,0.0,0.0003095708032515,307342.05742007,0.0,Ethereum
FEAR NOT,FEARNOT,3.694974769178787e-06,memes,0.0,3.694974769178787e-06,305557.9334278,0.0,Ethereum
Harambe on Solana,HARAMBE,0.0146323134462462,memes,0.0,0.0146323134462462,304119.02475715,0.0,Solana
HARRIS (kamala.vip),KAMALA,0.0007475198743317,memes,0.0,0.0007475198743317,303872.60251707,0.0,Ethereum
MAGA,TRUMP,8.693175605608338e-07,memes,0.0,8.693175605608338e-07,299831.22074703,0.0,Ethereum
UnleashClub,UNLEASH,4.4624634066730136e-05,memes,0.0,4.4624634066730136e-05,296161.70535056,0.0,Ethereum
FUD,FUD,1.746379199281949e-07,memes,0.0,1.746379199281949e-07,294026.60631861,0.0,Sui
Beers,BEER,0.000167416829553,memes,0.0,0.000167416829553,293839.84011508,0.0,Solana
Matt Furie's Mellow Man,MELLOW,0.1165297648340127,memes,0.0,0.1165297648340127,291374.87843552,0.0,Ethereum
The Eagle Of Truth,EGL,0.005377431233201,memes,0.0,0.005377431233201,286718.17438576,0.0,Solana
Any Inu,AI,6.410548712056763e-06,memes,0.0,6.410548712056763e-06,285514.48596673,0.0,BNB
Coke,EKOC,0.0113498213743301,memes,0.0,0.0113498213743301,282664.10700948,0.0,Solana
King of Legends,KOL,0.0037399586697679,gaming,0.0,0.0037399586697679,282207.63165724,0.0,BNB
HIPPOP,HIP,0.0001807872688086,memes,0.0,0.0001807872688086,279433.26269999,0.0,Arbitrum
LumiChill,CHILL,1.7092429784275813e-08,memes,0.0,1.7092429784275813e-08,278212.08312295,0.0,Solana
Defactor,FACTR,0.0464506598680598,real-world-assets,0.0,0.0464506598680598,278179.40742658,0.0,Ethereum
GTA Token,GTA,1.902128860598672,memes,0.0,1.902128860598672,275717.3466287,0.0,Arbitrum
ZynCoin,ZYN,0.015777266569993,memes,0.0,0.015777266569993,269902.19714697,0.0,Ethereum
TEH EPIK DUCK,EPIK,0.0078324003790172,memes,0.0,0.0078324003790172,267919.8757652,0.0,Ethereum
CHONKY,CHONKY,1.3041049651935572e-05,memes,0.0,1.3041049651935572e-05,256736.11820918,0.0,Solana
Sun Wukong,WUKONG,0.0006200316403235,memes,0.0,0.0006200316403235,243108.32944895,0.0,TRON
Guacamole,GUAC,6.285627243634227e-08,memes,0.0,6.285627243634227e-08,240180.89274082,0.0,Solana
Stonks,STONKS,8.584814844731247e-06,memes,0.0,8.584814844731247e-06,237956.6535121,0.0,Ethereum
CorgiAI,CORGIAI,0.0008171916350784,ai-big-data,0.0,0.0008171916350784,236178.55688125,0.0,Cronos
Storm Warfare,JAN,0.0042513301995128,gaming,0.0,0.0042513301995128,231118.77957999,0.0,Ethereum
Scotty The Ai,SCOTTY,0.0017122310547542,memes,0.0,0.0017122310547542,225828.50498848,0.0,BNB
DOPU The Dog with A Purpose,DOPU,0.0007713763697637,memes,0.0,0.0007713763697637,224533.03037517,0.0,XDC Network
Uranus (SOL),ANUS,0.0003371203756822,memes,0.0,0.0003371203756822,218954.93160806,0.0,Solana
Madhouse,MAD,2.510416275050273e-06,memes,0.0,2.510416275050273e-06,214850.44527033,0.0,Solana
4-CHAN,4CHAN,2.1823867045e-14,memes,0.0,2.1823867045e-14,214034.68113559,0.0,Ethereum
Dragon Sun,DRGN,0.0014322539294079,memes,0.0,0.0014322539294079,213378.17096838,0.0,Ethereum
Michi,MICHI,2.904253467584336e-05,memes,0.0,2.904253467584336e-05,206956.71617848,0.0,BNB
Higher,HIGHER,0.003612171733438,memes,0.0,0.003612171733438,203207.93825197,0.0,Base
NeuralAI,NEURAL,3.2638262483827574,ai-big-data,0.0,3.2638262483827574,202282.45720026,0.0,Ethereum
Super Best Friends,SUBF,1.482801457521612e-09,memes,0.0,1.482801457521612e-09,195900.71807936,0.0,Ethereum
All Street Bets,BETS,0.0001074109362162,memes,0.0,0.0001074109362162,193361.19317466,0.0,Base
Devomon,EVO,0.0006736151828397,gaming,0.0,0.0006736151828397,187318.76395256,0.0,BNB
DOGITA,DOGA,4.501170856285336e-06,memes,0.0,4.501170856285336e-06,182747.89207081,0.0,Ethereum
Birddog (birddogtron.com),BOG,0.0010839518935926,memes,0.0,0.0010839518935926,179276.09354816,0.0,TRON
KAI KEN,KAI,3.4333753096307983e-09,memes,0.0,3.4333753096307983e-09,176133.47269342,0.0,Ethereum
Grok Cat,GROKCAT,0.00045016608103,memes,0.0,0.00045016608103,174590.82610148,0.0,BNB
Chimpzee,CHMPZ,0.0001330728410116,memes,0.0,0.0001330728410116,172904.91099418,0.0,Ethereum
Chinu,CHINU,0.0001541957602282,memes,0.0,0.0001541957602282,172083.50579096,0.0,Solana
Grow Token,GROW,0.3076560187117646,ai-big-data,0.0,0.3076560187117646,171146.00596592,0.0,BNB
MikeToken,MKT,4.07667214959293e-10,memes,0.0,4.07667214959293e-10,169397.44655099,0.0,BNB
TOAD,TOAD,1.2888463307224008e-05,memes,0.0,1.2888463307224008e-05,169240.61553023,0.0,Ethereum
PEPE (Ordinals),PEPEBRC,0.0871099257715239,memes,0.0,0.0871099257715239,165077.20750063,0.0,Bitcoin
Deadpool Inu,DPOOL,2.604284001717509e-08,memes,0.0,2.604284001717509e-08,164173.99435804,0.0,Ethereum
TieDan,TIEDAN,7.39298729633965e-05,memes,0.0,7.39298729633965e-05,161318.12813192,0.0,TRON
CANNFINITY,CFT,0.0117761730235579,memes,0.0,0.0117761730235579,156336.50751992,0.0,BNB
JustAnEGG,EGG,0.0018793692690638,memes,0.0,0.0018793692690638,153783.28566633,0.0,Ethereum
NALS (Ordinals),NALS,0.0674629599017967,memes,0.0,0.0674629599017967,153188.55293166,0.0,Bitcoin
Derp,DERP,1.62603407393316e-09,memes,0.0,1.62603407393316e-09,149759.8968814,0.0,Ethereum
Work X,WORK,0.0930942717598156,ai-big-data,0.0,0.0930942717598156,147967.3372759,0.0,Ethereum
Purple Pepe,$PURPE,8.953311510526772e-06,memes,0.0,8.953311510526772e-06,146704.51411347,0.0,Solana
PEPE,TRUMP,0.0001937395265351,memes,0.0,0.0001937395265351,145538.20231821,0.0,Ethereum
RefundCoin,RFD,3.449211952176857e-06,memes,0.0,3.449211952176857e-06,144896.54084217,0.0,Ethereum
KAP Games,KAP,0.0143409520875489,gaming,0.0,0.0143409520875489,144884.22667835,0.0,Ethereum
Bellscoin,BEL,0.5518933767340203,memes,0.0,0.5518933767340203,144793.48096441,0.0,Ethereum
PepeBull,BEEF,1.935381980459054e-09,memes,0.0,1.935381980459054e-09,143337.43746166,0.0,Ethereum
lilpump,LILPUMP,0.0008220716515363,memes,0.0,0.0008220716515363,142042.26255302,0.0,Solana
Maek Amuruca Graet Agun,MAGA,6.340941159223518e-05,memes,0.0,6.340941159223518e-05,140102.74388088,0.0,Ethereum
BORED,BORED,0.0008387349838235,memes,0.0,0.0008387349838235,139618.91318197,0.0,Base
Wall Street Baby,WSB,9.032506658471532e-09,memes,0.0,9.032506658471532e-09,139202.71511756,0.0,Ethereum
Anita Max Wynn,WYNN,0.0015822860231776,memes,0.0,0.0015822860231776,132758.6244329,0.0,Solana
Mahabibi Bin Solman,MBS,5.7782429623379024e-05,memes,0.0,5.7782429623379024e-05,132143.29289395,0.0,Solana
Pond Coin,PNDC,1.8386022003177778e-07,memes,0.0,1.8386022003177778e-07,131905.64334841,0.0,Ethereum
Trump2024,TRUMP2024,0.0031598731468979,memes,0.0,0.0031598731468979,130764.60943128,0.0,Ethereum
Humans.ai,HEART,0.008001715718458,ai-big-data,0.0,0.008001715718458,129052.72576999,0.0,Ethereum
Father Of Meme: Origin,FOMO,0.0001557568142396,memes,0.0,0.0001557568142396,128414.91517246,0.0,Base
D.O.G.E.,D.O.G.E.,2.248707826861e-12,memes,0.0,2.248707826861e-12,122376.60338598,0.0, Solana
Thing,THING,2.21236773593812e-08,memes,0.0,2.21236773593812e-08,120173.60326726,0.0,BNB
UPTOS,UPTOS,1.9042165128534203e-05,memes,0.0,1.9042165128534203e-05,117566.67570103,0.0,Aptos
BilliCat,BCAT,0.0026278728614175,ai-big-data,0.0,0.0026278728614175,115778.97074391,0.0,BNB
MAGA: Fight for Trump,TRUMPCOIN,0.003068790071405,memes,0.0,0.003068790071405,113935.82389625,0.0,Ethereum
spurdo,SPURDO,2.272340555184882e-09,memes,0.0,2.272340555184882e-09,112820.54269847,0.0,Ethereum
Crazy Frog,CRAZY,0.000101609587585,memes,0.0,0.000101609587585,113000.80479003,0.0,Ethereum
HarryPotterObamaWallStreetBets10Inu,STONKS,0.0399427895055766,memes,0.0,0.0399427895055766,112435.83102923,0.0,Ethereum
XFLOKI,XFLOKI,6.052038475040522e-07,memes,0.0,6.052038475040522e-07,111515.52488266,0.0,Ethereum
BIBI,BIBI,9.74014271912584e-10,memes,0.0,9.74014271912584e-10,110676.5069181,0.0,BNB
A Gently Used 2001 Honda Civic,USEDCAR,0.0041546169982993,memes,0.0,0.0041546169982993,108862.02608328,0.0,Solana
MEMEVENGERS,MMVG,3.87326497875932e-10,memes,0.0,3.87326497875932e-10,106621.84364171,0.0,Ethereum
BILLION•DOLLAR•CAT,BDC,0.0081685219139093,memes,0.0,0.0081685219139093,106518.791255,0.0,Bitcoin
AI Network,AIN,0.0105407503084164,ai-big-data,0.0,0.0105407503084164,104307.5899248,0.0,Ethereum
White Yorkshire,WSH,1.6395767767494196e-07,memes,0.0,1.6395767767494196e-07,101567.38896295,0.0,Ethereum
Pepe,PEPE,0.0046278693487343,memes,0.0,0.0046278693487343,97570.20921915,0.0,Ethereum
Rosa Inu,ROSA,0.0028898959570229,memes,0.0,0.0028898959570229,97360.8642794,0.0,Solana
Octavia AI,VIA,0.0519260758851281,ai-big-data,0.0,0.0519260758851281,95974.00748746,0.0,BNB
Conan,CONAN,3.0851558578331577e-06,memes,0.0,3.0851558578331577e-06,95116.48599693,0.0,Ethereum
HACK,HACK,0.0006693013859467,memes,0.0,0.0006693013859467,94512.18664094,0.0,Solana
Domi Online,DOMI,0.0100690482127896,gaming,0.0,0.0100690482127896,93046.90409855,0.0,Ethereum
BNBcat,BNBCAT,0.0008834154628488,memes,0.0,0.0008834154628488,92510.72389241,0.0,BNB
DopaMeme,DOPA,0.0003915343674437,memes,0.0,0.0003915343674437,92216.22387122,0.0,Solana
MELLSTROY,MELLSTROY,0.001372527965994,memes,0.0,0.001372527965994,92188.09532152,0.0,Ethereum
POG,POGS,0.0033274873062026,memes,0.0,0.0033274873062026,89338.46042706,0.0,Theta Network
APED,APED,0.2274240612005018,memes,0.0,0.2274240612005018,89196.29289957,0.0,Ethereum
Elon Trump,ET,3.841576521359536e-08,memes,0.0,3.841576521359536e-08,86847.47386021,0.0,Solana
TOMCoin,TOM,0.0002810335961942,memes,0.0,0.0002810335961942,85391.69471888,0.0,BNB
Welshcorgicoin,WELSH,0.0016154163010821,memes,0.0,0.0016154163010821,83729.44569479,0.0,Stacks
Bird Dog,BIRDDOG,0.0031359853773162,memes,0.0,0.0031359853773162,83523.43643421,0.0,Solana
EthXY,SEXY,0.0777292072627469,gaming,0.0,0.0777292072627469,83475.49370092,0.0,Ethereum
AstroPepeX,APX,9.32401099373952e-05,memes,0.0,9.32401099373952e-05,78850.4191395,0.0,BNB
INU,INU,5.479475430011993e-09,memes,0.0,5.479475430011993e-09,78598.19657005,0.0,Ethereum
El Hippo,HIPP,1.013169084677733e-09,memes,0.0,1.013169084677733e-09,78341.33496589,0.0,Ethereum
American Coin,USA,3.400191965089601e-07,memes,0.0,3.400191965089601e-07,78212.40099224,0.0,Solana
Slime,$SLIME,0.0005365711380112,memes,0.0,0.0005365711380112,77117.92846669,0.0,Solana
SHIBAAI,SHIBAAI,2.208788837069289e-09,memes,0.0,2.208788837069289e-09,76789.18545775,0.0,BNB
Lesbian Inu,LESBIAN,1.84123763251225e-10,memes,0.0,1.84123763251225e-10,76645.57941938,0.0,BNB
Abble,AABL,0.0009859434524119,memes,0.0,0.0009859434524119,74985.1685773,0.0,Solana
Sheertopia,AMBO,0.0075309191672728,gaming,0.0,0.0075309191672728,74198.76540511,0.0,Polygon
AVAX HAS NO CHILL,NOCHILL,0.0041386119606537,memes,0.0,0.0041386119606537,71579.53444132,0.0,Avalanche
Gui Inu,GUI,9.594740838768692e-06,memes,0.0,9.594740838768692e-06,70597.48069048,0.0,Aptos
HahaYes,RIZO,1.6501751834642306e-06,memes,0.0,1.6501751834642306e-06,70088.06844058,0.0,Solana
Lil Bub,BUB,0.0262783058828993,memes,0.0,0.0262783058828993,69961.21624956,0.0,Solana
Arbius,AIUS,31.137948016098925,ai-big-data,0.0,31.137948016098925,69418.98878158,0.0,Ethereum
The Big Red,$TD,2.751392621590685e-06,memes,0.0,2.751392621590685e-06,69354.7508333,0.0,Avalanche
SUNwifHat,SWIF,9.00020503042634e-06,memes,0.0,9.00020503042634e-06,68359.16772623,0.0,TRON
NORMIE,NORMIE,0.0064350310775782,memes,0.0,0.0064350310775782,68243.54741794,0.0,Base
Heroes of memes,HOMS,0.0154718495840762,memes,0.0,0.0154718495840762,67541.20300006,0.0,Base
bitFloki,BFLOKI,7.058514369303666e-07,memes,0.0,7.058514369303666e-07,64569.3828949,0.0,BNB
Kamala Harris (kamaharris.fun),HARRIS,0.0004561166042735,memes,0.0,0.0004561166042735,63693.97569647,0.0,Ethereum
nomnom,NOMNOM,0.0013005496844298,memes,0.0,0.0013005496844298,63457.90655011,0.0,Solana
COFFEE,$COFEEE,0.0076933410801363,memes,0.0,0.0076933410801363,62556.74970924,0.0,Solana
Tongue Cat,LUIS,0.0002399985682652,memes,0.0,0.0002399985682652,62351.23336778,0.0,Solana
AssetMantle,MNTL,0.0008839013840471,real-world-assets,0.0,0.0008839013840471,61435.23339135,0.0,AssetMantle
FEFE,FEFE,0.0044004178911461,memes,0.0,0.0044004178911461,61222.01079174,0.0,no asociada a ningun blockchai
Fluffington,FLUFFI,0.0004672694561029,memes,0.0,0.0004672694561029,61098.20716438,0.0,Solana
Sociapol,SPOL,1.5225102446877303e-05,gaming,0.0,1.5225102446877303e-05,60632.84782993,0.0,BNB
Shitcoin,SHIT,0.0102934368714494,memes,0.0,0.0102934368714494,60061.07234994,0.0,Solana
Metafluence,METO,0.0002962063047834,ai-big-data,0.0,0.0002962063047834,59412.21689916,0.0,BNB
MindCoin,MIND,2.685260530951125e-05,memes,0.0,2.685260530951125e-05,58883.93071998,0.0,Ethereum
Ponzio The Cat,PONZIO,224832.49150201003,memes,0.0,224832.49150201003,58868.43514552,0.0,Ethereum
MAGA Trump,MAGATRUMP,0.0002760427368782,memes,0.0,0.0002760427368782,58247.38337611,0.0,Ethereum
Nobiko Coin,LONG,0.0007217032247798,memes,0.0,0.0007217032247798,57273.39399066,0.0,zkSync
lmeow,LMEOW,0.0073772346040759,memes,0.0,0.0073772346040759,56295.142277,0.0,Ethereum
Derby Stars,DSRUN,0.0136745865711927,gaming,0.0,0.0136745865711927,56194.36473469,0.0,Polygon
ScapesMania,MANIA,0.0014973107255631,gaming,0.0,0.0014973107255631,55262.97727014,0.0,BNB
FIGHT FOR THE PEOPLE,FFTP,7.001217418054626e-09,memes,0.0,7.001217418054626e-09,54825.94281725,0.0,Ethereum
TrumpMAGA,$TRUMAGA,1.802485844452331e-07,memes,0.0,1.802485844452331e-07,54307.42683212,0.0,Ethereum
Coding Dino,DINO,4.850855347908707e-05,memes,0.0,4.850855347908707e-05,54145.48866743,0.0,Ethereum
TAO INU,TAONU,0.0037306320810349,memes,0.0,0.0037306320810349,54083.62273088,0.0,Ethereum
Andy (Base),ANDY,0.0089758689669567,memes,0.0,0.0089758689669567,53466.10910166,0.0,Ethereum
WUFFI,WUF,5.352450796077534e-07,memes,0.0,5.352450796077534e-07,52446.76208196,0.0,Solana
Gaga (Pepe),GAGA,1.081686969629303e-09,memes,0.0,1.081686969629303e-09,52399.06843703,0.0,Ethereum
MAGA,TRUMP,0.0374150767419162,memes,0.0,0.0374150767419162,50768.06288832,0.0,Ethereum
infraX,INFRA,6.525405922608195,ai-big-data,0.0,6.525405922608195,48205.39904585,0.0,Ethereum
CRAZY MONKEY,CMONK,0.0038223586875664,memes,0.0,0.0038223586875664,47583.47317609,0.0,Solana
Peanie,PEANIE,0.0013224161394915,memes,0.0,0.0013224161394915,47376.2503731,0.0,Solana
ChompCoin,CHOMP,0.0851315412102593,memes,0.0,0.0851315412102593,46133.15531757,0.0,Base
Kolt,KOLT,0.0006676047883932,memes,0.0,0.0006676047883932,45703.37437803,0.0,Solana
Guufy,GUUFY,2.578308224159569e-05,memes,0.0,2.578308224159569e-05,44868.76685899,0.0,Solana
VENKO,$VENKO,1.1462539125455992e-06,memes,0.0,1.1462539125455992e-06,44146.1730763,0.0,Solana
LET HIM COOK,COOK,0.0024032823175871,memes,0.0,0.0024032823175871,43802.41518345,0.0,Ethereum
Tomwifhat,TWIF,0.0005218171882485,memes,0.0,0.0005218171882485,42771.66774347,0.0,BNB
Tradetomato,TTM,0.0074019765238598,ai-big-data,0.0,0.0074019765238598,42637.53037108,0.0,BNB
DORK LORD,DORKL,0.0002518555320932,memes,0.0,0.0002518555320932,41565.40942324,0.0,Ethereum
bul,BUL,2.6598974133492575e-07,memes,0.0,2.6598974133492575e-07,41220.3144358,0.0,Solana
Outlanders,LAND,0.0059191263650373,gaming,0.0,0.0059191263650373,40439.26195633,0.0,BNB
LANDLORD RONALD,$LANDLORD,0.0004623292073751,memes,0.0,0.0004623292073751,40354.59867326,0.0,Solana
Roaring Kitty,ROAR,0.0013936492459359,memes,0.0,0.0013936492459359,40296.82425646,0.0,Ethereum
Shibwifhat,SHIB,0.00202266601837,memes,0.0,0.00202266601837,40276.106504,0.0,Ethereum
PeiPei (BSC),PEIPEI,1.634068770812275e-09,memes,0.0,1.634068770812275e-09,39935.83604954,0.0,Ethereum
TrumpCoin,DJT,0.0002523060452722,memes,0.0,0.0002523060452722,38839.32326581,0.0,Solana
SATOSHINAKAMOTO,?,0.334480623495756,memes,0.0,0.334480623495756,36967.95724896,0.0,Bitcoin
WEWECOIN,WEWE,0.0001366008095002,memes,0.0,0.0001366008095002,36945.40653765,0.0,Base
PEPE 0x69 ON BASE,PEPE,4.952425637738993e-09,memes,0.0,4.952425637738993e-09,35892.18784242,0.0,Ethereum
Book of Pepe,BOPE,5.393765438428826e-07,memes,0.0,5.393765438428826e-07,34822.51786224,0.0,Ethereum
LAZYCAT,LAZYCAT,0.0001799887660417,memes,0.0,0.0001799887660417,36296.04366146,0.0,Base
Ansem's Cat,HOBBES,0.0005477347375701,memes,0.0,0.0005477347375701,34636.64181761,0.0,Ethereum
LEOX,LEOX,0.1893692863561342,real-world-assets,0.0,0.1893692863561342,33817.69973242,0.0,Ethereum
ADAonSOL,ADASOL,0.0008600299007679,memes,0.0,0.0008600299007679,33513.79509517,0.0,Solana
Paco,PACO,8.621402821225209e-05,memes,0.0,8.621402821225209e-05,33451.48780742,0.0,Solana
Pepe Maga,PEGA,4.453118424900046e-07,memes,0.0,4.453118424900046e-07,32294.54979696,0.0,Ethereum
Y8U,Y8U,0.0111881196770998,ai-big-data,0.0,0.0111881196770998,31758.27803815,0.0,BNB
real fast,SPEED,0.0009232555371488,memes,0.0,0.0009232555371488,30354.17204943,0.0,Solana
go fu*k yourself.,GFY,4.526649468926004e-07,memes,0.0,4.526649468926004e-07,27674.57295019,0.0,Ethereum
POPO (popoeth.vip),POPO,5.15849142411798e-05,memes,0.0,5.15849142411798e-05,28756.87694566,0.0,Ethereum
enqAI,enqAI,0.0074279042472895,ai-big-data,0.0,0.0074279042472895,27984.16739179,0.0,Ethereum
Game of Memes,GOME,0.0007985190496802,memes,0.0,0.0007985190496802,27255.63251811,0.0,Solana
HarryPotterObamaInu,INU,0.0001781363203363,memes,0.0,0.0001781363203363,26978.46189493,0.0,Ethereum
Snibbu The Crab,SNIBBU,7.507178027966268e-07,memes,0.0,7.507178027966268e-07,26715.80384181,0.0,Solana
Vendetta,VDT,0.0172590182526814,gaming,0.0,0.0172590182526814,26319.8016044,0.0,Polygon
Bobo The Bear,BOBO,4.7251798347633145e-07,memes,0.0,4.7251798347633145e-07,26032.31245405,0.0,Ethereum
LANDWOLF (AVAX),WOLF,4.848585822187221e-06,memes,0.0,4.848585822187221e-06,25893.48202596,0.0,Solana
BNB DOG INU,BNBDOG,2.7543292666e-14,memes,0.0,2.7543292666e-14,25236.98123133,0.0,BNB
Fofar (fofar.io),FOFAR,4.118764082626152e-06,memes,0.0,4.118764082626152e-06,25132.60264356,0.0,TRON
SUNLION,SUNLION,0.000371799021121,memes,0.0,0.000371799021121,24944.62795939,0.0,TRON
Cheese,CHEESE,0.0018199138840974,memes,0.0,0.0018199138840974,24862.83153764,0.0,Solana
Cramer Coin,CRAMER,0.0004180725305323,memes,0.0,0.0004180725305323,24820.90421308,0.0,Ethereum
toby,TOBY,1.8533578829562727e-08,memes,0.0,1.8533578829562727e-08,23988.79858555,0.0,Base
AI PIN,AI,0.0170899921579306,ai-big-data,0.0,0.0170899921579306,23913.10344931,0.0,BNB
Doge Inu,DINU,1.850528183508649e-09,memes,0.0,1.850528183508649e-09,23856.17056807,0.0,Dogecoin
Next Gem AI,GEMAI,0.0018500829721988,ai-big-data,0.0,0.0018500829721988,23610.67391421,0.0,Ethereum
Magic Internet Money,MIM,0.0003187905503849,memes,0.0,0.0003187905503849,23520.3751596,0.0,Ethereum
Law Of Attraction,LOA,0.0205716446969051,memes,0.0,0.0205716446969051,23509.14332646,0.0,Base
Suicune,HSUI,0.0148067527263309,memes,0.0,0.0148067527263309,23337.87469466,0.0,Sui
Landwolf (Base),WOLF,5.028247249708023e-09,memes,0.0,5.028247249708023e-09,22999.57513466,0.0,Solana
Everybody Holds,HOLD,5.7590855308028425e-05,memes,0.0,5.7590855308028425e-05,22641.29384738,0.0,zkSync
MAGA,MAGA,0.0072131766831236,memes,0.0,0.0072131766831236,22565.07673715,0.0,Ethereum
EpiK Protocol,AIEPK,0.0035420681907076,ai-big-data,0.0,0.0035420681907076,22219.09317834,0.0,Ethereum
Miner Arena,MINAR,0.0255530547429313,gaming,0.0,0.0255530547429313,22132.39518885,0.0,BNB
monkeyhaircut,MONK,0.0019262595234146,memes,0.0,0.0019262595234146,21838.90396641,0.0,Solana
BaseCTO,CTO,0.0007358063343943,memes,0.0,0.0007358063343943,21720.74085289,0.0,Base
MooCat,MOOCAT,0.0011574845569614,memes,0.0,0.0011574845569614,21390.58281147,0.0,Solana
Sol Bastard,SOBA,0.0007732736667618,memes,0.0,0.0007732736667618,21306.55621003,0.0,Solana
SOL ETF,SOLETF,7.838915202973e-12,memes,0.0,7.838915202973e-12,21280.04341053,0.0,Solana
Bird Dog,BIRDDOG,2.663948444999787e-06,memes,0.0,2.663948444999787e-06,20574.31465193,0.0,Solana
Baby Grok,BABYGROK,6.37020587269e-12,memes,0.0,6.37020587269e-12,20383.58153062,0.0,BNB
Landwolf,WOLF,0.00676106930196,memes,0.0,0.00676106930196,20049.51074824,0.0,Solana
Fronk,FRONK,9.262881930545478e-09,memes,0.0,9.262881930545478e-09,19954.55491857,0.0,Solana
Merit Circle,MC,1.467005028410712,gaming,0.0,1.467005028410712,19782.06252428,0.0,BNB
Grimace,GRIMACE,5.194982308281635,memes,0.0,5.194982308281635,18944.16684502,0.0,Arbitrum
Pigcoin,PIG,7.388598776940634e-07,memes,0.0,7.388598776940634e-07,18487.83275519,0.0,BNB
Labrador,LABRA,6.833955866947206e-09,memes,0.0,6.833955866947206e-09,18466.53049708,0.0,BNB
Pepe Trump,PTRUMP,0.0001940598295948,memes,0.0,0.0001940598295948,18103.2003332,0.0,Solana
Ring AI,RING,0.0388686460542715,ai-big-data,0.0,0.0388686460542715,18077.95196341,0.0,Ethereum
Roko,ROKO,1.809413080332189e-05,ai-big-data,0.0,1.809413080332189e-05,17836.56935769,0.0,Ethereum
Buttercat,BUTT,0.0011446075187345,memes,0.0,0.0011446075187345,17805.58932146,0.0,Solana
Dodo the Black Swan,DODO,4.050747405367197e-07,memes,0.0,4.050747405367197e-07,17738.02994834,0.0,Ethereum
Meme Kombat,MK,0.0600002569170705,gaming,0.0,0.0600002569170705,17550.22954024,0.0,Ethereum
TRON BEER,TBEER,0.0018017289110568,memes,0.0,0.0018017289110568,17393.84280831,0.0,TRON
Slepe,SLEPE,0.0001805469699104,memes,0.0,0.0001805469699104,17461.64741842,0.0,Base
Mind,MND,0.0328184726414358,ai-big-data,0.0,0.0328184726414358,17502.76064548,0.0,Ethereum
Fine,FINE,2.486818885957358e-09,memes,0.0,2.486818885957358e-09,17182.67165453,0.0,BNB
Waka Flocka,FLOCKA,0.0006174138078506,memes,0.0,0.0006174138078506,16655.35823516,0.0,Solana
Baby Rats,BABYRATS,1.92436504339e-13,memes,0.0,1.92436504339e-13,16460.98510769,0.0,BNB
Wiki Cat,WKC,1.075169795209879e-08,memes,0.0,1.075169795209879e-08,16306.11463926,0.0,BNB
Hank,HANK,0.0001590648380769,memes,0.0,0.0001590648380769,15932.78014972,0.0,Solana
Goku,GOKU,0.0019839095460053,memes,0.0,0.0019839095460053,15922.23370813,0.0,Solana
Okayeg,OKAYEG,7.937279382439872e-07,memes,0.0,7.937279382439872e-07,15920.34651705,0.0,Base
Baby Elon,BABYELON,2.377058266009e-12,memes,0.0,2.377058266009e-12,15585.34183859,0.0,BNB
Game Meteor Coin,GMTO,0.0007106538910786,gaming,0.0,0.0007106538910786,15562.66035975,0.0,Polygon
FART COIN,FRTC,1.206514232885718e-07,memes,0.0,1.206514232885718e-07,15383.92686224,0.0,BNB
dogwifceo,WIFC,6.901825079489987e-07,memes,0.0,6.901825079489987e-07,15429.30358878,0.0,Solana
Doge 2.0,DOGE2.0,3.093842227523399e-09,memes,0.0,3.093842227523399e-09,14919.45322317,0.0,Ethereum
MILKBAG,MILKBAG,0.0033112648199879,memes,0.0,0.0033112648199879,14799.32109859,0.0,Solana
rexwifhat,REXHAT,0.0009651756142108,memes,0.0,0.0009651756142108,14496.05619758,0.0,Solana
THE BIG LEZ SHOW,BIGLEZ,1.7199276863256387e-05,memes,0.0,1.7199276863256387e-05,14378.11062517,0.0,Solana
BIRDDOG,BIRDDOG,1.138340120699337e-06,memes,0.0,1.138340120699337e-06,14316.52917553,0.0,Solana
Gauss0x,GAUSS,0.0012355475062281,memes,0.0,0.0012355475062281,14131.97444582,0.0,Ethereum
BuildAI,BUILD,0.0590167844940955,ai-big-data,0.0,0.0590167844940955,14082.09094681,0.0,Ethereum
Joram Poowel,POOWEL,0.0014485180460878,memes,0.0,0.0014485180460878,14066.49354808,0.0,Solana
LOAF CAT,LOAF,7.260131756374288e-07,memes,0.0,7.260131756374288e-07,13783.20604794,0.0,Solana
Kamala Harris (kamalaharris2024.club),HARRIS,2.958300904126e-12,memes,0.0,2.958300904126e-12,13699.32171271,0.0,Ethereum
UpSideDownCat,USDCAT,3.415735965788089e-05,memes,0.0,3.415735965788089e-05,13625.86317993,0.0,Solana
Tonald Trump,TONALD,0.0005339037025772,memes,0.0,0.0005339037025772,13573.96137128,0.0,Toncoin
el gato,ELGATO,3.4592362501919145e-05,memes,0.0,3.4592362501919145e-05,13403.40822078,0.0,Solana
Let's WIN This,HARRIS,0.00038338339191,memes,0.0,0.00038338339191,12906.1884072,0.0,Ethereum
Pedro The Raccoon,PEDRO,0.0024329471255828,memes,0.0,0.0024329471255828,12813.05541688,0.0,Solana
Simpson Harris,KAMA,4.28974087259889e-10,memes,0.0,4.28974087259889e-10,12746.82930571,0.0,Solana
STIMA,STIMA,1.0158770370921284,real-world-assets,0.0,1.0158770370921284,12382.80609687,0.0,Ethereum
King Of Meme,LION,9.356815388886736e-09,memes,0.0,9.356815388886736e-09,12366.83086954,0.0,Ethereum
Joker,JOKER,2.958500907121032e-09,memes,0.0,2.958500907121032e-09,12353.35789826,0.0,Ethereum
DeepFakeAI,FAKEAI,0.0038916040088366,ai-big-data,0.0,0.0038916040088366,12311.57587931,0.0,Ethereum
Crypto Rangers,CR,2.3402797690199343e-05,memes,0.0,2.3402797690199343e-05,12356.8378903,0.0,BNB
ARBUZ,ARBUZ,0.0770793196724416,memes,0.0,0.0770793196724416,12194.69977896,0.0,Toncoin
achi,ACHI,0.000524374297967,memes,0.0,0.000524374297967,12070.8651788,0.0,Solana
Foxify,FOX,0.1560283949272273,memes,0.0,0.1560283949272273,11874.73803731,0.0,Ethereum
Baked,BAKED,0.0029962677818701,memes,0.0,0.0029962677818701,11787.86657593,0.0,Solana
Monkey,MONKEY,8.54903895142333e-10,memes,0.0,8.54903895142333e-10,11307.18599554,0.0,Solana
This Is My Iguana,TIMI,0.0002093358572495,memes,0.0,0.0002093358572495,11149.44971186,0.0,Base
GROK 2,GROK2,5.071129628888342e-05,memes,0.0,5.071129628888342e-05,11076.56597212,0.0,Solana
Titi Financial,TITI,2.08197287261608e-10,memes,0.0,2.08197287261608e-10,11017.00466137,0.0,BNB
Crob Coin,CROB,0.0154974656337327,memes,0.0,0.0154974656337327,10800.74041859,0.0,Cronos
You Looked,CIRCLE,0.0003813561843963,memes,0.0,0.0003813561843963,10715.47582019,0.0,Solana
NumberGoUpTech,TECH,3.809333226364941e-05,memes,0.0,3.809333226364941e-05,10585.82269335,0.0,Avalanche
Dork Lord,DORKY,0.0119198275608751,memes,0.0,0.0119198275608751,10376.87278054,0.0,Ethereum
Baby Pepe,BABYPEPE,8.276348134476561e-07,memes,0.0,8.276348134476561e-07,9838.51334887,0.0,Ethereum
Boop,BOOP,2.416554170185417e-05,memes,0.0,2.416554170185417e-05,9694.61959722,0.0,Arbitrum
Muzki,MUZKI,0.0002480051610288,memes,0.0,0.0002480051610288,9677.66324835,0.0,Solana
BOBER,BOBER,0.0002799356031434,memes,0.0,0.0002799356031434,9516.26818648,0.0,MultiversX
Block Chain People,BCP,0.0152106994949521,memes,0.0,0.0152106994949521,9519.80774624,0.0,Base
catwifbag,BAG,0.0011894856763227,memes,0.0,0.0011894856763227,9454.2695972,0.0,Ethereum
FREN,FREN,1.8870035875547927e-06,memes,0.0,1.8870035875547927e-06,9356.39539973,0.0,Cardano
Epep,EPEP,0.0002926224774675,memes,0.0,0.0002926224774675,9354.0237603,0.0,Solana
Katchu Coin,KATCHU,0.0038811278721559,memes,0.0,0.0038811278721559,9289.9287643,0.0,Solana
Pepe Coin,PEPE,8.97000476153758e-10,memes,0.0,8.97000476153758e-10,9272.00414712,0.0,Ethereum
FWOG (ETH),FWOG,2.10870687667758e-10,memes,0.0,2.10870687667758e-10,9250.42395454,0.0,Ethereum
BitBrawl,BRAWL,0.0005729457217024,gaming,0.0,0.0005729457217024,9166.51684347,0.0,Solana
DogWifNoHat,NOHAT,0.0003504390846848,memes,0.0,0.0003504390846848,9163.91664331,0.0,Solana
AlphaScan AI,ASCN,0.022665698014337,ai-big-data,0.0,0.022665698014337,9148.67894615,0.0,Arbitrum
Solnic,SOLNIC,0.0010019786203744,memes,0.0,0.0010019786203744,9132.83239147,0.0,Solana
Sponge,$SPONGE,7.688755452400072e-05,memes,0.0,7.688755452400072e-05,8841.72211904,0.0,Ethereum
Warped Games,WARPED,0.0009949188570048,gaming,0.0,0.0009949188570048,8794.17154061,0.0,Ethereum
KRAZY KAMALA,KAMALA,0.0004449874124998,memes,0.0,0.0004449874124998,8587.83972797,0.0,Ethereum
Dog Wif Nunchucks,NINJA,0.0030663661100146,memes,0.0,0.0030663661100146,8540.76636645,0.0,Solana
BEBE,BEBE,5.700690635714848e-09,memes,0.0,5.700690635714848e-09,8415.68529037,0.0,Arbitrum
Crypto Villains,CV,0.000390029577147,memes,0.0,0.000390029577147,8400.3859277,0.0,Ethereum
Hera Finance,HERA,1.3175273185461105,ai-big-data,0.0,1.3175273185461105,8050.7363767,0.0,Ethereum
Kamala Harris (kamalaharriscoin.com),KAMALA,0.0022490655285064,memes,0.0,0.0022490655285064,7972.84252236,0.0,Ethereum
Husky Avax,HUSKY,4.0635940967706126e-08,memes,0.0,4.0635940967706126e-08,7811.31811331,0.0,Avalanche
Buy the DIP,DIP,0.0005811027513189,memes,0.0,0.0005811027513189,7784.35851085,0.0,Ethereum
MEOW,MEOW,0.0084826778435178,gaming,0.0,0.0084826778435178,7772.03761272,0.0,Avalanche
DogeGF,DOGEGF,7.1175829817423e-11,memes,0.0,7.1175829817423e-11,7737.76446419,0.0,Ethereum
Frencoin,FREN,7.629558018752223e-07,memes,0.0,7.629558018752223e-07,7699.86269361,0.0,No asociado a ningun blockchain
The Infinite Garden,ETH,0.006077389494853,memes,0.0,0.006077389494853,7651.91409617,0.0,Ethereum
Bubba,BUBBA,8.182930981798948e-05,memes,0.0,8.182930981798948e-05,7504.45348478,0.0,Solana
Faptax,FAPTAX,0.0014699841561398,memes,0.0,0.0014699841561398,7427.94482158,0.0,Solana
CATERPILLAR,CPL,6.518931098298477e-09,memes,0.0,6.518931098298477e-09,7313.63892437,0.0,BNB
Perro Dinero,JOTCHUA,0.0004164566320452,memes,0.0,0.0004164566320452,7277.93341924,0.0,Ethereum
Sugar Kingdom Odyssey,SKO,0.0027300990700969,gaming,0.0,0.0027300990700969,6923.05224733,0.0,BNB
WASSIE,WASSIE,1.8826016966720408e-06,memes,0.0,1.8826016966720408e-06,7387.38814529,0.0,Ethereum
yotoshi,YOTO,1.434631013153745e-06,memes,0.0,1.434631013153745e-06,6942.82764598,0.0,Solana
Army of Fortune Gem,AFG,0.0069904245866567,gaming,0.0,0.0069904245866567,6903.35669562,0.0,Arbitrum
ZEBU,ZEBU,0.0001448733419843,memes,0.0,0.0001448733419843,6902.28595199,0.0,Solana
Doggensnout Skeptic,DOGS,2.5429148354461903e-09,memes,0.0,2.5429148354461903e-09,6870.84094637,0.0,Toncoin
Brett (SOL),BRETT,0.001014520549508,memes,0.0,0.001014520549508,6856.71960746,0.0,Base
DogWithCap,WIC,1.3101356684095964e-08,memes,0.0,1.3101356684095964e-08,6824.49397735,0.0,Solana
Taylor Swift's Cat BENJI,BENJI,0.0003198504387217,memes,0.0,0.0003198504387217,6624.98256331,0.0,Base
Call of Memes Yachts Club,COME,1.263151003535119e-09,memes,0.0,1.263151003535119e-09,6541.20178272,0.0,Core
SPONGE,SPONGE,2.5592219836936342e-05,gaming,0.0,2.5592219836936342e-05,6434.490026,0.0,Polygon
XDoge,XD,1.32300084239684e-10,memes,0.0,1.32300084239684e-10,6389.75419347,0.0,Ethereum
Human,HMT,0.0345146812634046,ai-big-data,0.0,0.0345146812634046,6388.45504682,0.0,Ethereum
Peepo,PEEPO,1.5497619569110993e-08,memes,0.0,1.5497619569110993e-08,6255.02995981,0.0,Ethereum
FourCoin,FOUR,1.9017065088200205e-06,memes,0.0,1.9017065088200205e-06,6228.09803464,0.0,Ethereum
FLUFFY,FLUFFY,3.078854470148e-05,memes,0.0,3.078854470148e-05,6206.55269584,0.0,Solana
Black Dragon,BLACKDRAGON,1.887769089275721e-08,memes,0.0,1.887769089275721e-08,6184.81907495,0.0,NEAR Protocol
NOOT (Ordinals),NOOT,0.0008934712020167,memes,0.0,0.0008934712020167,6148.5782049,0.0,Bitcoin
Fluffys,FLUFFYS,0.0012962964494396,memes,0.0,0.0012962964494396,6049.23744357,0.0,Solana
Balance AI,BAI,1.733036604135871,ai-big-data,0.0,1.733036604135871,6047.71533051,0.0, Ethereum
Kem Jeng Un,$KEM,0.0002454292981855,memes,0.0,0.0002454292981855,5978.34283832,0.0,Solana
WASD Studios,WASD,0.0004593698984451,gaming,0.0,0.0004593698984451,5790.47634071,0.0,Ethereum
LandWu,LANDWU,1.597424809989355e-09,memes,0.0,1.597424809989355e-09,5755.71469802,0.0,Ethereum
Davinci Jeremie,DVINCI,0.0001735621354786,memes,0.0,0.0001735621354786,5720.84473973,0.0,Solana
Zoomer Coin,ZOOMER,8.162197563345097e-06,memes,0.0,8.162197563345097e-06,5708.82199321,0.0,Ethereum
SUKUYANA,SNA,5.30661864898041e-10,memes,0.0,5.30661864898041e-10,5679.95306773,0.0,BNB
Bonk of America,BONKFA,0.0001747097248865,memes,0.0,0.0001747097248865,5671.23871185,0.0,Solana
Frosty the Polar Bear,FROSTY,4.129839299899835e-05,memes,0.0,4.129839299899835e-05,5660.5578083,0.0,Solana
Homer,SIMPSON,2.671377943032e-12,memes,0.0,2.671377943032e-12,5550.41802906,0.0,Ethereum
MILEI Token,MILEI,0.0121416794620001,memes,0.0,0.0121416794620001,5524.1386269,0.0,Ethereum
KEN,KEN,7.579658122115935e-05,memes,0.0,7.579658122115935e-05,5518.65330986,0.0,Ethereum
Pepecoin,PEP,4.790572689574995e-06,memes,0.0,4.790572689574995e-06,5510.85015576,0.0,No asociado a ningun blockchain
Pig Finance,PIG,2.0055287956949162e-08,memes,0.0,2.0055287956949162e-08,5483.976448,0.0,BNB
Book of Donald Trump,BOD,3.509797850852341e-07,memes,0.0,3.509797850852341e-07,5479.92288288,0.0,Ethereum
Landwolf,WOLF,1.5182438355239706e-06,memes,0.0,1.5182438355239706e-06,5450.90448476,0.0,Solana
Calcium,CAL,0.001755759603072,memes,0.0,0.001755759603072,5385.30113048,0.0,BNB
Wynn,WYNN,2.8170285271083607e-05,memes,0.0,2.8170285271083607e-05,5360.85006551,0.0,Solana
Babydoge 2.0,BABYDOGE2.0,4.38451925279e-13,memes,0.0,4.38451925279e-13,5330.30045527,0.0,BNB
MEMEME,MEMEME,2.874591744314857e-06,memes,0.0,2.874591744314857e-06,5262.50440762,0.0,Ethereum
Doginhood,DOGIN,2.626848438060915e-05,memes,0.0,2.626848438060915e-05,5176.9069388,0.0,Solana
Mini Donald,BARRON,8.123781309923895e-05,memes,0.0,8.123781309923895e-05,5166.20652083,0.0,Solana
PUCCA,PUCCA,0.0019844245458881,memes,0.0,0.0019844245458881,5084.67720661,0.0,Solana
MetaTrace Utility Token,ACE,0.0001672180211612,gaming,0.0,0.0001672180211612,5081.39946835,0.0,BNB
Brett's cat,BALT,0.0001240778355314,memes,0.0,0.0001240778355314,5056.94171505,0.0,Base
Rekt,REKT,3.51566383087779e-10,memes,0.0,3.51566383087779e-10,4971.54720349,0.0,Arbitrum
Phantom of the Kill,HIME,3.18002348841e-13,gaming,0.0,3.18002348841e-13,4904.43873339,0.0,Polygon
Realm Anima,ANIMA,0.0079271495442699,gaming,0.0,0.0079271495442699,4879.11019568,0.0,Arbitrum
Pepe Community,PEPE,0.0004608773690955,memes,0.0,0.0004608773690955,4750.1335693,0.0,Ethereum
Marv,MARV,3.5286961690414003e-10,memes,0.0,3.5286961690414003e-10,4676.41699603,0.0,Ethereum
NGMI,NGMI,0.0001114328468078,memes,0.0,0.0001114328468078,4661.90079234,0.0,Solana
Gondola,GONDOLA,2.696090961633736e-06,memes,0.0,2.696090961633736e-06,4590.70811337,0.0,Ethereum
Sacabam,SCB,3.408520085237148e-08,memes,0.0,3.408520085237148e-08,4563.58456639,0.0,Sui
Dubbz,DUBBZ,0.3563420791259562,gaming,0.0,0.3563420791259562,4556.82605915,0.0,Base
AlphaKEK.AI,AIKEK,0.0039034797358209,ai-big-data,0.0,0.0039034797358209,4553.93756992,0.0,Ethereum
American pepe,USPEPE,7.45419781326818e-10,memes,0.0,7.45419781326818e-10,4456.87299089,0.0,Ethereum
AI CODE,AICODE,0.5691563075482947,memes,0.0,0.5691563075482947,4453.67739249,0.0,Arbitrum
AstraAI,ASTRA,0.9101614423197152,ai-big-data,0.0,0.9101614423197152,4449.84941619,0.0,Ethereum
Baby Solana,BABYSOL,0.0060974590514892,memes,0.0,0.0060974590514892,4431.80778149,0.0,Solana
Galaxy Fox,GFOX,0.0001162606159742,gaming,0.0,0.0001162606159742,4393.71213336,0.0,Ethereum
StreamerInu,STRM,0.0001888558129725,memes,0.0,0.0001888558129725,4369.59682797,0.0,Ethereum
Speedy,SPEEDY,3.120142951696381e-07,memes,0.0,3.120142951696381e-07,4354.57025125,0.0,Fantom
WHISKEY,WHISKEY,0.0007441496043795,memes,0.0,0.0007441496043795,4354.55444791,0.0,Solana
Trace Network Labs,TRACE,0.0007741476738771,ai-big-data,0.0,0.0007741476738771,4310.35912004,0.0,Ethereum
Peepo,PEPO,1.0066901277754054e-06,memes,0.0,1.0066901277754054e-06,4282.79703589,0.0,Ethereum
DICAPRIO CHEERS,CHEERS,0.0004549076543024,memes,0.0,0.0004549076543024,4276.80947388,0.0,BNB
Andrea Von Speed,VONSPEED,0.0001320511933892,memes,0.0,0.0001320511933892,4258.63191091,0.0,Solana
Drop Chewy,DCHEWY,1.60382400519e-13,memes,0.0,1.60382400519e-13,4202.27103684,0.0,Solana
Web3Games.com,WGT,0.0017764123614244,gaming,0.0,0.0017764123614244,4191.78005309,0.0,Polygon
JIZZUS CHRIST,JIZZUS,4.100485183468076e-07,memes,0.0,4.100485183468076e-07,4164.28151684,0.0,Solana
AI Dragon,CHATGPT,6.070331715755364e-07,memes,0.0,6.070331715755364e-07,4130.47753294,0.0,Solana
Doomer,DOOMER,0.0004332996968639,memes,0.0,0.0004332996968639,4123.20441987,0.0,Base
Crafting Finance,CRF,0.0007476739667009,real-world-assets,0.0,0.0007476739667009,4116.87799856,0.0,Ethereum
Zen Panda Coin,ZPC,1.17282948665467e-10,memes,0.0,1.17282948665467e-10,4093.06931671,0.0,Arbitrum
Kitty AI,KITTY,0.0002981039282434,memes,0.0,0.0002981039282434,4077.27139215,0.0,Solana
GM Wagmi,GM,1.1421365368464811e-06,memes,0.0,1.1421365368464811e-06,4075.41938314,0.0,Ethereum
KABOSU,KABOSU,4.816147306145606e-06,memes,0.0,4.816147306145606e-06,4036.28635612,0.0,Ethereum
IRON Titanium Token,TITAN,1.8641611624469532e-08,memes,0.0,1.8641611624469532e-08,4005.35233632,0.0,Ethereum
Kabosu Family,KABOSU,3.9352197047079493e-07,memes,0.0,3.9352197047079493e-07,3977.46571245,0.0,Ethereum
YUGE COIN,YUGE,0.000310918651543,memes,0.0,0.000310918651543,3965.91264402,0.0,Solana
IL CAPO OF CRYPTO,CAPO,8.219723465956024e-05,memes,0.0,8.219723465956024e-05,3921.96372918,0.0,BNB
Satoshi Nakamoto,SATOSHI,0.2278059147619131,memes,0.0,0.2278059147619131,3892.92461561,0.0,Ethereum
PaladinAI,PALAI,0.0227598295961947,ai-big-data,0.0,0.0227598295961947,3875.64509627,0.0,Ethereum
LamaSol,LASOL,3.8211077684278e-05,memes,0.0,3.8211077684278e-05,3836.68216933,0.0,Solana
Burnsdefi,BURNS,0.0117269323877787,memes,0.0,0.0117269323877787,3796.33292705,0.0,BNB
Tongochi,PET,0.0014652807649728,gaming,0.0,0.0014652807649728,3744.53568256,0.0,Ethereum
Treat,TREAT,0.0006943997223337,memes,0.0,0.0006943997223337,3724.44081272,0.0,Ethereum
Based Street Bets,BSB,4.074887567726451e-06,memes,0.0,4.074887567726451e-06,3709.42770985,0.0,Base
FLEABONE,FLEA,4.69094178635768e-08,memes,0.0,4.69094178635768e-08,3699.30051226,0.0,Ethereum
MAGA PEPE (SOL),MAGAPEPE,5.248723986634e-12,memes,0.0,5.248723986634e-12,3567.15851011,0.0,Solana
PopPepe,POPE,4.634470148336341e-05,memes,0.0,4.634470148336341e-05,3548.24577747,0.0,Solana
Eddie Seal,EDSE,0.0002797950631887,memes,0.0,0.0002797950631887,3546.9615711,0.0,Solana
AMC,AMC,7.1453593501702545e-09,memes,0.0,7.1453593501702545e-09,3485.26966092,0.0,Arbitrum
Joe Biden,BIDEN,0.0001697864783948,memes,0.0,0.0001697864783948,3463.74694166,0.0,Ethereum
pre,PRE,4.3090190320031005e-05,memes,0.0,4.3090190320031005e-05,3461.442974,0.0,Ethereum
